KEY,target_amount,target_amount_tableau,AVG_MONTHLY_POPULATION,TABELOG_ID,SAKAYA_DEALER_NAME,RST_TITLE,NEAREST_STATION_INFO,NEAREST_STATION_INFO_count,DISTANCE_VALUE,RATING_CNT,RATING_SCORE,IS_FAMILY_FRIENDLY,IS_FRIEND_FRIENDLY,IS_ALONE_FRIENDLY,DINNER_INFO,LUNCH_INFO,DINNER_PRICE,LUNCH_PRICE,HOLIDAY,HOME_PAGE_URL,PHONE_NUM,NUM_SEATS,AGE_RESTAURANT,CITY,CITY_count,CUISINE_CAT_origin,menu,average_target_amount_in_length_of_relationship,BAPC_2024,CUISINE_CAT,CUISINE_CAT_1_bread and desert,CUISINE_CAT_1_cafe and coffee shop,CUISINE_CAT_1_cafeteria,CUISINE_CAT_1_chinese cuisine,CUISINE_CAT_1_convenience store,CUISINE_CAT_1_family restaurant,CUISINE_CAT_1_fastfood light meal,CUISINE_CAT_1_foreign ethnic cuisine,CUISINE_CAT_1_hotel and ryokan,CUISINE_CAT_1_italian cuisine,CUISINE_CAT_1_izakaya,CUISINE_CAT_1_japanese cuisine,CUISINE_CAT_1_noodles,CUISINE_CAT_1_other,CUISINE_CAT_1_restaurant,rate_count,seats_rate_count,CUISINE_CAT_num,CUISINE_CAT_origin_num,CUISINE_CAT_processed,actual,predicted,error,abs_error,percentage_error
2100008-57503,980.0,68.4166666666666,7867.918882,13043452,銀座 しゃぶ通 好の笹,銀座しゃぶ通 マロニエゲート店,銀座一丁目,689,320.0,369,3.48,1,1,0,1,1,8999.5,1499.5,0,1,1,58,18.0,中央区,8669,しゃぶしゃぶ,"""飲み放題【2時間制　30分前ラストオーダー】"",""飲み放題　約30種"",""╋…… 梅 酒 ……╋"",""梅酒各種"",""╋…… ワイン ……╋"",""グルエ・ブリュット・セレクション【泡】"",""ルネ・ラ・フランス・ブリュット【泡】"",""レ・ミーレ・ビアンコ・トスカーナ【白】"",""オークカスク・シャルドネ【白】"",""リースリング【白】"",""玉諸甲州きいろ香【白】"",""ピノ・ノワール【赤】"",""オークカスク・カベルネソーヴィニョン【赤】"",""ドルチェット・ダルバ【赤】"",""バルベーラ・ダルバ【赤】"",""シャトー・ボーモン【赤】"",""モンテプルチアーノ・ダブルッツォ"",""キャンティ・クラシコ【赤】"",""長野メルロー【赤】"",""テッラ　バローロ"",""╋…… 特選 全国の地酒 ……╋"",""ばくれん超辛口 吟醸酒"",""楯野川（たてのがわ）大吟醸"",""八海山（はっかいさん）本醸造"",""鳳凰美田（ほうおうびでん）大吟醸"",""黒龍（こくりゅう）純米吟醸"",""醸し人 九平次（かもしびと くへいじ）純米吟醸"",""╋…… 特選 全国の地焼酎 ……╋"",""≪ 芋焼酎 ≫"",""吉兆宝山（きっちょうほうざん）"",""海（うみ）"",""やきいも黒瀬（やきいもくろせ）"",""佐藤 黒麹仕込み（さとう くろこうじじこみ）"",""いも麹 芋（いもこうじ いも）"",""蔵の師魂（くらのしこん）"",""≪ 麦焼酎 ≫"",""天の刻印（てんのこくいん）"",""佐藤 麦（さとう むぎ）"",""泰明 特蒸（たいめいとくじょう）"",""≪ 黒糖焼酎・米焼酎 ≫"",""朝日 壱乃醸（あさひいちのじょう）"",""渡舟（わたりぶね）"",""焼酎割用アイテム"",""╋…… ビール ……╋"",""キリン生ビール一番絞り"",""キリン瓶ビール"",""╋…… 酎ハイ・カクテル ……╋"",""酎ハイ各種"",""カクテル各種"",""╋…… ソフトドリンク ……╋"",""500円～800円""",81.6666666666666,180.333333333333,japanese cuisine,0,0,0,0,0,0,0,0,0,0,0,1,0,0,0,188331.335412019,21402,12,16,しゃぶしゃぶ,68.4166666666666,166.46026032647893,-98.04359365981233,98.04359365981233,143.30366917390367
2100008-664513,1088.0,70.8333333333333,4157.48903425,13170967,銀座 鉄板焼 銀明翠(ホール),和匠 銀明翠 GINZA,銀座,1859,400.0,11,3.09,0,0,0,1,1,17499.5,6999.5,0,1,1,28,6.0,中央区,8669,しゃぶしゃぶ,"""Beer"",""生ビール -Draft beer- サッポロ エビスマイスター"",""瓶ビール -Bottle beer- アサヒ スーパードライ 小瓶"",""ノンアルコールビール サッポロ アルコールフリー -Non Alcohol Beer"",""Whisky"",""デュワーズハイボール ＜スコッチ＞  -Dewar's Highball"",""MACALLAN ＜スコッチ＞"",""サワー"",""国産レモンサワー -Lemon Sour-"",""果実酒"",""梅香 百年梅酒 ＜茨城＞ Plum wine"",""あらごしみかん酒 ＜奈良＞ Mandarin wine"",""焼酎"",""佐藤 ＜麦＞ Barley shochu"",""魔王 ＜芋＞ Potato shochu"",""よろしく千萬あるべし＜米＞Rice shochu"",""～Soft drinks ～"",""「奥会津金山 天然炭酸の水」 Sperkling water 瓶500ml"",""「奥会津金山 天然水」 Natural mineral water 瓶500ml"",""白桃ジュース White peach"",""クランベリー Cranberry Juice"",""ウーロン茶 Oolong Tea"",""コカ・コーラゼロ Coca-Cola zero"",""ジンジャーエール Ginger ale"",""日本酒 アイテム"",""日本酒 アイテム""",90.6666666666666,25.8333333333333,japanese cuisine,0,0,0,0,0,0,0,0,0,0,0,1,0,0,0,3098.73960060389,308,12,16,しゃぶしゃぶ,70.8333333333333,113.67653058862432,-42.84319725529102,42.84319725529102,60.48451377217559
2100008-683749,1302.0,109.0,5418.89213008333,13173566,八山 六本木 [0927],しゃぶしゃぶ・すし　八山,六本木,1473,160.0,119,3.37,1,1,0,1,1,8999.5,2499.5,0,1,1,98,10.0,港区,11198,しゃぶしゃぶ,"""＜飲み放題＞"",""飲み放題"",""プレミアム飲み放題"",""麦酒"",""生 ザ・プレミアム・モルツ　〈香る〉エール"",""瓶 ザ・プレミアム・モルツ（500 ml）"",""オールフリー（360 ml）"",""日本酒/徳利"",""「爽酒」不動 軽快辛口 一度火入れ（千葉県成田市）"",""「薫酒」風露天青 特別本醸造（神奈川県茅ヶ崎市）"",""「醇酒」松の司 生?純米酒（滋賀県蒲生郡）"",""「熟酒」義侠　縁（えにし） 特別純米（愛知県愛西市）"",""仁勇　香神　寒造り辛口（千葉県成田市）/燗酒"",""日本酒/四合瓶"",""白瀑 純米 「ど辛」（秋田県山本郡）"",""越乃景虎 特別本醸造 名水仕込（新潟県長岡市）"",""風の森 秋津穂 507 (奈良県御所市)"",""澤屋まつもと 守破離 雄町（京都府京都市）"",""山形正宗 まろら（山形県天童市）"",""菊姫　山廃純米　鶴乃里 (石川県白山市)"",""獺祭 純米大吟醸 磨き三割九分（山口県岩国市）"",""八海山 純米吟醸 雪室貯蔵三年（新潟県南魚沼市）"",""黒龍 大吟醸 龍 (福井県吉田郡)"",""果実酒"",""鳳凰美田 完熟もも酒 （栃木）"",""うぐいすとまり 鶯とろにごり梅酒 （鹿児島）"",""梅乃宿 あらごしりんご（奈良）"",""焼酎"",""薩摩乃薫　純黒（鹿児島）／芋"",""蔵の師魂 The Green （鹿児島）／芋"",""ちんぐ　黒麹仕込み（長崎）／麦"",""クラフトマン多田　スパニッシュオレンジ （福岡）／麦"",""八海山　よろしく千萬あるべし（新潟県）/米"",""飛乃流　朝日（鹿児島）/黒糖"",""ハイボール"",""角ハイボール"",""知多　風香るハイボール"",""白州 森香るハイボール"",""サントリー響ハイボール"",""ウィスキー"",""サントリー角"",""サントリー知多"",""サントリー白州"",""サントリー響 JAPANESE HARMONY"",""グラスワイン"",""トゥトゥ　イーヴル　ブラン （フランス）"",""トゥトゥ　イーヴル　ルージュ （フランス）"",""スパークリング＆シャンパーニュ"",""丹波ワイン てぐみ（日本　京都）"",""ルミエール　スパークリング　オランジェ（日本　山梨）"",""エヴィダンス クレマン・ド・ブルゴーニュ キュヴェ・アッサンブラージュ（フランス ブルゴーニュ）"",""ドゥラモット　ブリュット （フランス　シャンパーニュ）"",""爽快な白ワイン"",""青森　ホワイトスチューベン（日本　青森）"",""くらむぼん甲州（日本　山梨）"",""エッシェルンドルファー　ルンプ　シルヴァーナー　トロッケン （ドイツ フランケン）"",""ラ　シャブリジェンヌ　シャブリ　ラ　ピエレレ（フランス　ブルゴーニュ）"",""香りの白ワイン"",""まるきブラン（日本　山梨）"",""ミロナス ワイナリー アシルティコ（ギリシャ　アッティカ）"",""葡萄作りの匠　北島秀樹ケルナー（日本　北海道）"",""サヴァニャン　ドメーヌ・フィリップ・ヴァンデル（フランス　ジュラ）"",""ニュートン アンフィルタード シャルドネ（アメリカ カリフォルニア）"",""オレンジワイン"",""シャトーマルス 甲州オランジュ･グリ（日本　山梨）"",""ロゼワイン"",""タヴェル　シャトーダケリア　（フランス　ローヌ）"",""淡い赤ワイン"",""まるきルージュ（日本　山梨）"",""TOMO?マスカット・ベーリーA　芝床ヴィンヤード（日本　広島）"",""エーデルワイン　シルバー カベルネ・フラン（日本　岩手）"",""コクの赤ワイン"",""北海道ツヴァイゲルト （日本　北海道）"",""五一わいん　エステート　シラー （日本　長野）"",""シャトー オーシエール (フランス　フラングドック ルーション）"",""マンズ ワイン ソラリス 千曲川 メルロー　（日本　長野）"",""ニュートン　アンフィルタード　カベルネ・ソーヴィニヨン （アメリカ　カリフォルニア）"",""ソフトドリンク"",""黒ウーロン茶"",""ミネラルウォーター(750ml）"",""スパークリングウォーター(750ml）"",""林檎ジュース"",""オレンジジュース""",108.5,69.25,japanese cuisine,0,0,0,0,0,0,0,0,0,0,0,1,0,0,0,51724.5195969383,11662,12,16,しゃぶしゃぶ,109.0,103.6212486772486,5.378751322751398,5.378751322751398,4.934634241056329
2100008-692398,236.0,20.25,4157.48903425,13220280,銀座美ら菜苑,美ら菜苑,銀座、東銀座、新橋,2350,349.0,10,3.05,0,0,0,1,1,9999.0,9999.0,0,1,0,50,7.0,中央区,8669,しゃぶしゃぶ,,19.6666666666666,17.7916666666666,japanese cuisine,0,0,0,0,0,0,0,0,0,0,0,1,0,0,0,2639.36344062499,500,12,16,しゃぶしゃぶ,20.25,50.59972867063493,-30.34972867063493,30.34972867063493,149.87520331177743
2100008-704093,1641.0,129.75,8910.71806641666,13238671,歌舞伎町しゃぶ叙,しゃぶ叙,西武新宿,1146,480.0,114,3.43,1,0,0,1,0,6999.5,2499.5,0,1,1,62,34.0,新宿区,10057,しゃぶしゃぶ,"""シャンドン　ブリュット"",""マルティーニ　ロゼ"",""ドゥーシェ　シュバリエ　ブリュ"",""グランポレール　泉（グラス）"",""ヌヴィアナ　シャルドネ"",""ズッカルディ　キュウ　シャルドネ"",""マトゥア　ソーヴィニヨンブラン　マルボロ（グラス）"",""グランポレール　絢（グラス）"",""ヌヴィアナ　カベルネソーヴィニヨン"",""ズッカルディ　キュウ　マルベック"",""マトゥア　ピノノワール　マルボロ（グラス）"",""時紫(芋焼酎・グラス)"",""一刻者(芋焼酎・グラス)"",""富乃宝山(芋焼酎・グラス)"",""黒霧島（芋焼酎・グラス）"",""吉四六（麦焼酎・グラス）"",""いいちこ深薫（麦焼酎・グラス）"",""久保田千寿(日本酒・１合)"",""吉乃川(日本酒・１合)"",""松竹梅豪快上撰(日本酒・１合)"",""北の誉（冷酒・辛口・３００ml）"",""上善如水（スパークリング日本酒・360ml）"",""ジョニーウォーカー12年ハイボール"",""オールドパー12年ハイボール"",""コカ･コーラ （瓶）"",""ジンジャエール"",""ウーロン茶"",""黒ウーロン茶（サントリー）"",""茜茶"",""オレンジジュース（１００％）"",""カシス（オレンジ、グレープ、ソーダ、ウーロン）"",""梅酒（ゆず、みかん）"",""生ビール/瓶ビール（サッポロ、アサヒ）"",""ほか多種揃えております。【詳しくは、当店のホームページでご確認下さい】""",136.75,95.75,japanese cuisine,0,0,0,0,0,0,0,0,0,0,0,1,0,0,0,54122.2012133502,7068,12,16,しゃぶしゃぶ,129.75,125.47639087301583,4.273609126984169,4.273609126984169,3.2937257240725777
2100008-721478,317.0,22.9166666666666,7263.80318249999,13015193,赤坂しゃぶ玄,しゃぶ玄,赤坂見附、永田町、赤坂,830,80.0,220,3.46,1,1,0,1,1,12499.5,1499.5,0,0,1,35,52.0,港区,11198,しゃぶしゃぶ,"""生ビール サントリー　プレミアムモルツ"",""瓶ビール　サッポロラガー　赤星"",""サントリー　オールフリー"",""焼酎（黒霧島・中々・佐藤 黒・山せみ・など）"",""日本酒（獺祭・九平次・八海山・ど辛・日高見など）"",""ウイスキー(角・シーバス・ジャックダニエル・響・山崎など) 770円～"",""カクテル（ジン、ウォッカ、カシス、カンパリなど）"",""ソフトドリンク（ウーロン茶、緑茶、コーラー、ジンジャエールなど）"",""グラスワイン（赤・白）"",""グラススパークリング"",""シャンパン・スパークリングワイン 6,273円?"",""白ワイン ボトル 6,181円?"",""赤ワイン ボトル 5,636円?"",""【飲み放題2時間】￥3,500（税サ込）"",""生ビール"",""焼酎"",""角ウィスキー"",""グラスワイン、グラススパークリングワイン"",""カクテル"",""サワー"",""ソフトドリンク""",26.4166666666666,28.375,japanese cuisine,0,0,0,0,0,0,0,0,0,0,0,1,0,0,0,109094.580033471,7700,12,16,しゃぶしゃぶ,22.9166666666666,72.17193253968256,-49.25526587301596,49.25526587301596,214.93206926407024
2100008-722165,1694.0,210.833333333333,7211.47246787499,13275144,渋谷北海道めんこい鍋くまちゃん温泉,くまちゃん温泉 おやすみ処,渋谷,2631,344.0,5,3.09,0,0,0,0,0,1499.5,1499.5,0,0,1,25,0.4,渋谷区,8632,しゃぶしゃぶ,,141.166666666666,346.624999999999,cafe and coffee shop,0,1,0,0,0,0,0,0,0,0,0,0,0,0,0,1408.51800027449,125,2,16,しゃぶしゃぶ,210.833333333333,240.30658713624325,-29.47325380291025,29.47325380291025,13.979408918376427
2100008-738720,305.0,27.6666666666666,5095.30469358333,13277749,赤坂高嶺の豚,赤坂 炭火しゃぶしゃぶ 高嶺の豚,赤坂見附,602,160.0,27,3.23,1,0,0,1,1,8999.5,4499.5,0,0,1,20,2.0,港区,11198,しゃぶしゃぶ,"""DRINK MENU"",""生ビール"",""角ハイボール"",""知多ハイボール"",""白州ハイボール"",""山崎ハイボール"",""ウーロンハイ"",""緑茶ハイ"",""ジャスミンハイ"",""-梅干しサワー"",""生絞りレモンサワー"",""生絞りグレープフルーツサワー"",""生絞りオレンジサワー"",""生絞りスダチサワー"",""ゴールデンキウイサワー"",""CAPMPANG/WINE"",""【赤】ファビュラス　ファッラ　モンテプルチアーノ・ダブルッツォ 19  (イタリア)"",""【赤】ボンペシェ　ルージュ2020 (フランス)"",""【赤】ジャン・クロード・ラパリュ ボジョレーヴィラージュヌーヴォ (フランス)"",""【赤】 スーパーレッカ /ヴァイングート・ベルククロシュター  (ドイツ )"",""【赤】ボジョレ・ヴィラージュ アントニーテヴネ 2019  (フランス)"",""【赤】バロナーク 2017　(フランス)"",""【赤】 BREAD&BUTTER chardonay 2021 (アメリカ)"",""【白】ル・ベー2022　マス・メレ  (フランス)"",""【白】バロナーク シャルドネ2018　(フランス)"",""【白】メドル・セレクシオ 3R アンセストラル 2020 セイエル・ノウメス  (スペイン)"",""【白】ゲルブ N8 2021 / GELB (オーストリア)"",""【白】ヤコビ ソーヴィニョン・ブラン 2021 (オーストリア)"",""【白】セバスチャン・リフォーアクメニネ2015　(フランス)"",""【白】シュナーベル ソーヴィニヨンブラン レギオネリン　(オーストリア)"",""【白】リースリング グラン クリュ ソメルベルグ・パンセ・ソヴァージュ　(フランス)"",""【白】クレモン・バローエルブ フォル ブラン2020 (フランス)"",""【白】ヴァルガ・ハック モリヨン シーファー2020 (オーストリア)"",""【白】リースリング グラン クリュ ソメルベルグ・パンセ・ソヴァージュ2020 (フランス)"",""【白】ピペーニョ　カリザル・ブランコ　2022  (チリ)"",""【白】マリールイーズ2021/サッコマーニ　(イタリア)"",""【白】ゾーネ N9 2020　(オーストリア)"",""【白】BREAD&BUTTER pinot noir2022(アメリカ)"",""【オレンジ】マインクランググラウパート　(オーストリア)"",""【オレンジ】セレクシオ 6e モスカテル 2021 (スペイン)"",""【オレンジ】オピュス 2022 ドメーヌ・グロス　(フランス)"",""【ロゼ】キュヴェ　サンプルムース　2022 (フランス)"",""【ロゼ】ヴァイングート・マン　ローザイクス　(ドイツ)"",""【ロゼ】プローザ フリッツァンテ ロゼ 2022 マインクラング　(オーストリア)"",""【スパークリング】ムーゾン・ルルー・エ・フィス　ラタヴィック　(フランス)"",""【シャンパン】ヴーヴ・クリコ イエローラベル ブリュット　(フランス)"",""【シャンパン】ヴーヴ・クリコ ローズラベル  (フランス)"",""【シャンパン】ローラン・ペリエ ラ キュベ　(フランス)"",""【シャンパン】ローラン・ペリエ ウルトラ ブリュット  (フランス)"",""【シャンパン】ローラン・ペリエ ロゼ ブリュット　(フランス)"",""SOFT DRINK"",""黒ウーロン茶"",""緑茶"",""ウーロン茶"",""ジャスミン茶"",""コカ･コーラ"",""ジンジャエール"",""アップルジュース"",""オレンジジュース"",""和三盆サイダー""",25.4166666666666,36.0833333333333,japanese cuisine,0,0,0,0,0,0,0,0,0,0,0,1,0,0,0,9492.4075441761,540,12,16,しゃぶしゃぶ,27.6666666666666,51.60601934523807,-23.939352678571467,23.939352678571467,86.52778076592116
2100010-7522,470.0,72.1666666666666,2012.64383275,13136749,もち豚しゃぶしゃぶ新宿武蔵,もち豚しゃぶしゃぶ 新宿武蔵,新宿御苑前,525,309.0,121,3.45,0,1,0,1,1,5499.5,1499.5,0,1,1,52,13.0,新宿区,10057,しゃぶしゃぶ,"""日本酒 (一合)"",""一ノ蔵　本醸造　　（宮城県）"",""銀嶺立山　本醸造　(富山県)"",""〆張鶴純　純米吟醸（新潟）"",""焼酎"",""川越　芋"",""富乃宝山　芋"",""中々　麦"",""太治兵衛　麦"",""四合瓶　富乃宝山、中々他"",""その他アルコール"",""生ビール"",""ビンビール"",""ウーロンハイ"",""緑茶ハイ"",""生レモンサワー"",""ウイスキー"",""角ハイボール"",""ジンジャーハイボール"",""ノンアルコール"",""ピーチジュース　ぶどうジュース　赤・白　"",""コーラ　ジンジャーエール　緑茶　ウーロン茶　ジャスミン茶""",39.1666666666666,27.2083333333333,japanese cuisine,0,0,0,0,0,0,0,0,0,0,0,1,0,0,0,59139.9353840625,6292,12,16,しゃぶしゃぶ,72.1666666666666,129.78327926587292,-57.61661259920632,57.61661259920632,79.83826226217973
2100014-3001264,486.0,158.333333333333,4329.58854608333,13157293,tすき焼き・しゃぶしゃぶ懐石料理小豆上野,すき焼き・しゃぶしゃぶ・懐石料理　小豆,上野広小路,542,400.0,51,3.29,0,1,0,1,1,8999.5,1499.5,1,0,1,37,12.0,台東区,5889,しゃぶしゃぶ,"""おすすめ日本酒"",""磯自慢　純米吟醸"",""田酒　　特別純米"",""飛龍　　純米大吟醸"",""文佳人　　純米吟醸"",""出雲富士　　純米"",""播州一献　純米"",""賀茂金秀　　"",""赤武　　純米"",""◆ビール◆"",""◆サワー◆"",""◆カクテル◆"",""◆ワイン◆"",""◆ウイスキー◆"",""◆ソフトドリンク◆"",""◆日本酒◆－（一合）－"",""◆焼酎◆－（グラス）－"",""◆果樹酒◆－（一杯）－""",40.5,20.25,japanese cuisine,0,0,0,0,0,0,0,0,0,0,0,1,0,0,0,19658.4678165099,1887,12,16,しゃぶしゃぶ,158.333333333333,184.13425396825377,-25.80092063492077,25.80092063492077,16.29531829573947
2100014-5605336,141.0,20.75,3311.09576083333,13289470,おかか市ヶ谷◇,出汁しゃぶおばんざい おかか 市ヶ谷,市ケ谷,327,240.0,148,3.42,1,0,0,1,1,5499.5,1499.5,0,1,1,46,1.0,千代田区,7395,しゃぶしゃぶ,"""◆期間限定ドリンク"",""れもん香る だしぽんずサワー"",""れもん香る だしぽんずソーダ"",""【牡蠣専用日本酒】宮城　山和　for oyster 純米吟醸 グラス"",""◆～無農薬レモン使用のドリンク～"",""まるごと無農薬レモンサワー"",""無農薬レモン塩サワー"",""【ソフトドリンク】無農薬レモン塩ソーダ"",""◆果実のちから【レモン】"",""まるごとレモンサワー"",""皮漬けレモネードサワー"",""紗利 純米大吟醸レモンサワー"",""◆果実のちから【果実いろいろ】"",""温州みかんサワー"",""パインアップルサワー"",""カシスサワー"",""濃い目のグレープフルーツサワー"",""男梅サワー"",""◆果実のちから【フルーツビネガー】"",""ザクロサワー"",""マスカットサワー"",""シトラスサワー"",""◆果実酒"",""鳳凰美田 秘蔵梅酒"",""白加賀 梅酒"",""ブラッドオレンジ梅酒"",""丹波深山 ぶどう酒"",""鳳凰美田 完熟もも酒"",""◆本格焼酎"",""【芋】南泉(なんせん)"",""【芋】ISAINA (いさいな)"",""【芋】だいやめ ～DAIYAME～"",""【麦】黒わら麦"",""【麦】中々"",""【黒糖】喜界島クレオパトラ"",""◆ハイボール"",""デュワーズハイボール"",""デュワーズハイボール 12年"",""竹鶴 ピュアモルトハイボール"",""◆ビール"",""白穂乃香 (樽生)"",""エビス (樽生)"",""サッポロラガー (中瓶)"",""ノンアルコールビール"",""◆お茶ハイ"",""愛知 南山園 西尾の抹茶"",""オーガニックあずき茶"",""鹿児島 知覧にっぽん紅茶"",""石川 加賀棒ほうじ茶"",""北海道 コーン茶"",""ジャスミン茶"",""黒烏龍茶"",""◆厳選 日本酒"",""【広島】雨後の月 特別純米 十三夜"",""【高知】酔鯨 純米吟醸 吟麗"",""【栃木】モダン仙禽 無垢"",""【福井】黒龍 純吟"",""【福井】紗利 純米大吟醸"",""【静岡】日本刀(KATANA) 純米吟醸"",""◆ワイン"",""【白】日本グランポレール 泉"",""【赤】日本グランポレール 絢"",""【白】グランポレール 甲州辛口"",""【赤】グランポレール 余市ツヴァイゲルトレーベ"",""【ロゼ】リージョナル・ピノ・ノワール ロゼ マルボロ"",""【ロゼ】タヴェル ロゼ ボール ヴォワール"",""◆ソフトドリンク"",""愛知 南山園 西尾の抹茶"",""オーガニックあずき茶"",""鹿児島 知覧にっぽん紅茶"",""石川 加賀棒ほうじ茶"",""北海道 コーン茶"",""ジャスミン茶"",""黒烏龍茶"",""コカ･コーラ"",""ジンジャーエール"",""贅沢レモネード"",""贅沢カシス×黒烏龍茶"",""贅沢みかん×紅茶"",""贅沢パイン×紅茶"",""◆フルーツビネガー"",""ザクロ"",""マスカット"",""シトラス""",12.8181818181818,15.8749999999999,japanese cuisine,0,0,0,0,0,0,0,0,0,0,0,1,0,0,0,69245.6100414336,6808,12,16,しゃぶしゃぶ,20.75,53.60826471560844,-32.85826471560844,32.85826471560844,158.35308296678767
2100017-23260,654.0,40.1666666666666,5119.79366883333,13225378,シャングリラズシークレット,シャングリラズシークレット 銀座店,内幸町,989,400.0,20,3.09,0,0,0,1,0,8999.5,2499.5,0,0,1,32,0.4,中央区,8669,しゃぶしゃぶ,"""◆ビール◆"",""アサヒスーパードライ"",""シャンディーガフ"",""オールフリー"",""◆Sparkling&Champagne◆"",""ランソン ブラックラベル ブリュット（シャンパーニュ）"",""モエ エ シャンドン ブリュット アンペリアル（シャンパーニュ）"",""ヴーヴクリコ イエローラベル ブリュット（シャンパーニュ）"",""ローラン ペリエ ウルトラ ブリュット（シャンパーニュ）"",""ドンペリニヨン０９（シャンパーニュ）"",""ペリエ・ジュエ ベルエポック（シャンパーニュ）"",""ルイ ロデレール クリスタル ブリュット（シャンパーニュ）"",""ドンペリニヨン ロゼ０５（シャンパーニュ）"",""◆White Wine◆"",""マックマニス シャルドネ リヴァー ジャンクション１６（カリフォルニア）"",""スターレン ソーヴィニヨン ブラン ハッピーキャニオン１６（サンタバーバラ）"",""オーボンクリマ シャルドネ 椿ラベル１５（サンタバーバラ）"",""シャブリ 1er モンマン ジャン マルク ブロカール１６（ブルゴーニュ）"",""ダックホーン ソーヴィニヨンブラン ナパヴァレー１６（ナパ）"",""ポールホブス シャルドネ ロシアン リヴァー ヴァレー１５（ロシアンヴァレー）"",""ムルソー アンリ ボワイヨ１６（ブルゴーニュ）"",""◆Red Wine◆"",""マックマニス カベルネソーヴィニヨン１６（カリフォルニア）"",""クライン シラー ソノマ１５（ソノマ）"",""シャトー モンペラ １５（コート ド ボルドー）"",""オーボンクリマ ピノノワール ツバキラベル１6（サンタバーバラ）"",""フレデリック マニャン ピノノワール１5（ブルゴーニュ）"",""コッポラ ダイヤモンド コレクション カベルネソーヴィニヨン１６（カリフォルニア）"",""ル オ メドック ド ジスクール１４（オー メドック）"",""クロ デュ ヴァル クラシック ジンファンデル１4（ナパ）"",""ドメーヌ カミュ ジュヴレ・シャンベルタン１１（ブルゴーニュ）"",""シャトー シャス スプリーン１３（メドック）"",""スタッグスリープ アルテミス カベルネ ソーヴィニヨン１５（ナパ）"",""シルヴァーオーク アレキサンダーヴァレー カベルネソーヴィニヨン１２（ソノマ）"",""カレラ リード ピノノワール マウントハーラン１4（ソノマ）"",""ドメーヌ ミッシェル グロ ヴォーヌ ロマネ  プルミエクリュ  クロ デ レア０0（ブルゴーニュ）"",""シャトー コス デストゥルネル０８（サンテステフ）"",""◆グラスワイン◆"",""マックマニス シャルドネ リヴァー ジャンクション（ホワイトワイン）"",""クライン シラー ソノマ（レッドワイン）"",""◆ハイボール◆"",""ハイボール"",""知多ハイボール"",""余市ハイボール"",""白州ハイボール"",""◆酎ハイ、サワー◆"",""烏龍茶ハイ"",""ジャスミンハイ"",""コーン茶ハイ"",""生レモンサワー"",""◆焼酎、果実酒◆"",""麦焼酎 一粒の麦"",""芋焼酎 黒霧島"",""米焼酎 鳥飼"",""◆紹興酒◆"",""紹興酒 五年 ボトル"",""紹興酒 十年 ボトル"",""紹興酒 十伍年 ボトル"",""◆中国茶◆"",""本日の中国茶"",""◆ソフトドリンク◆"",""ジャスミン茶"",""烏龍茶"",""コーン茶"",""ペリエ"",""ジンジャエール"",""オレンジジュース"",""パインジュース"",""コカ･コーラ""",54.5,55.625,japanese cuisine,0,0,0,0,0,0,0,0,0,0,0,1,0,0,0,5634.07200109799,640,12,16,しゃぶしゃぶ,40.1666666666666,105.95339087301583,-65.78672420634923,65.78672420634923,163.78437561746725
2100017-304354,467.0,32.75,2388.0756335,13040377,鹿児島黒豚しゃぶしゃぶあじと吉祥寺本店,鹿児島黒豚しゃぶしゃぶ あじと 吉祥寺本店,吉祥寺,1502,375.0,68,3.33,1,1,0,1,1,5499.5,3499.5,0,0,1,40,17.0,武蔵野市,2135,しゃぶしゃぶ,"""ウイスキー・ハイボール"",""山崎"",""白州"",""竹鶴"",""角 ハイボール"",""コーク・ハイボール"",""ジンジャーハイボール"",""銘酒"",""獺祭 純米大吟醸"",""司牡丹 美稲"",""刈穂 純米"",""八海山 本醸造"",""出羽桜 本醸造"",""浦霞 純米"",""燗酒"",""一合"",""二合"",""焼酎お茶割り"",""ウーロン茶割り"",""緑茶割り"",""ジャスミン茶割り"",""とうもろこし茶割り"",""黒ウーロン茶割り"",""サワー"",""レモンサワー"",""梅干しサワー"",""白桃サワー"",""巨峰サワー"",""カルピスサワー"",""生絞りレモンサワー"",""生絞りグレープフルーツサワー"",""ビール"",""樽生ビール"",""スーパードライ"",""オールフリー"",""シャンディガフ"",""カクテル"",""カシス"",""ピーチ"",""ジン"",""ウオッカ"",""ワイン・スパークリング［グラスワイン］"",""カルロ ロッシ"",""ワイン・スパークリング［フルボトル］"",""セニョリオ デ オルガス"",""フォルタン リトラル"",""ダークホース"",""ワイン・スパークリング［スパークリング］"",""アンジュ エール ブリュット"",""芋焼酎"",""森伊蔵"",""村尾"",""魔王"",""佐藤【黒】"",""佐藤【白】"",""なかむら"",""黒霧島"",""小鹿【黒】"",""島美人"",""桜島【黒】"",""黒伊佐錦"",""国分"",""大魔王"",""白玉の露"",""赤兎馬"",""明るい農村"",""海"",""晴耕雨読"",""三岳"",""薩摩富士"",""麦焼酎"",""中々"",""吉四六"",""兼八"",""佐藤【麦】"",""米・黒糖・泡盛"",""銀風【米】"",""れんと【黒糖】"",""白岳【米】"",""島唄【泡盛】"",""久米仙び【泡盛】"",""ネリヤカナヤ【黒糖】"",""瑞泉古酒 青龍【泡盛】"",""果実酒"",""小正の梅酒"",""越乃景虎梅酒"",""にごり梅酒 梅太夫"",""あらごしみかん酒"",""あらごしもも酒"",""ソフトドリンク"",""ウーロン茶"",""綠茶"",""ジャスミン茶"",""カルピス"",""コカ･コーラ"",""ジンジャーエール"",""オレンジジュース"",""グレープフルーツジュース"",""黒ウーロン茶"",""とうもろこし茶""",38.9166666666666,72.7916666666666,japanese cuisine,0,0,0,0,0,0,0,0,0,0,0,1,0,0,0,27843.9009548724,2720,12,16,しゃぶしゃぶ,32.75,42.54902976190474,-9.799029761904741,9.799029761904741,29.920701563067915
2100017-304528,1177.0,84.0833333333333,12809.011797,13054230,鹿児島黒豚しゃぶしゃぶあじと吉祥寺南口店,あじと 南口店,吉祥寺,1502,80.0,45,3.29,0,1,0,1,0,4499.5,2499.5,0,1,1,36,18.0,武蔵野市,2135,しゃぶしゃぶ,"""■ビール■"",""ザ・プレミアム・モルツ"",""シャンディガフ"",""サッポロラガー　（瓶）"",""■ハイボール■"",""冷凍角レモンハイボール"",""角ハイボール"",""角コークハイボール"",""角ジンジャーハイボール"",""山崎ハイボール"",""白州ハイボール"",""■サワー■"",""レモンサワー"",""巨峰サワー"",""ウーロンハイ"",""緑茶ハイ"",""生搾りグレープフルーツサワー"",""ジャスミンハイ"",""■日本酒■"",""出羽桜"",""一ノ蔵"",""■焼酎■"",""黒霧島"",""小鹿  黒"",""島美人"",""国分"",""三岳"",""海"",""くじら"",""冨乃宝山"",""吉兆宝山"",""不二才"",""■プレミア焼酎 ■"",""● 森伊蔵"",""● 村尾"",""● 魔王"",""■梅酒■"",""小正の梅酒"",""蔵元の梅酒"",""赤芋焼酎梅酒"",""梅乃宿あらごし梅酒"",""影虎梅酒"",""■カクテル■"",""カシス"",""ペシェ"",""ウォッカ"",""ジン"",""■ソフトドリンク■"",""オレンジジュース"",""グレープフルーツジュース"",""コカ･コーラ"",""ジンジャーエール"",""その他各種御座います""",98.0833333333333,97.6083333333333,japanese cuisine,0,0,0,0,0,0,0,0,0,0,0,1,0,0,0,17345.7068969205,1620,12,16,しゃぶしゃぶ,84.0833333333333,127.01945245610854,-42.93611912277524,42.93611912277524,51.06376902609545
2100017-304789,887.0,119.5,4749.20484491666,13097252,鹿児島黒豚しゃぶしゃぶあじと三軒茶屋店,黒豚しゃぶしゃぶ あじと 三軒茶屋店,三軒茶屋,812,240.0,86,3.25,1,1,0,1,0,6999.5,1499.5,0,1,1,66,15.0,世田谷区,6748,しゃぶしゃぶ,"""ビール/ウイスキー(ハイボール)"",""生ビール"",""CBD Neu!(クラフトビール)"",""シンハービール"",""オリオンビール"",""ビアボール(グラス)"",""ビアボール(瓶)"",""山崎12年"",""響"",""白州"",""山崎"",""知多"",""瓶ビール〈スーパードライ〉"",""角"",""ワイン"",""シャトー・ムーラン・サン・ジョルジュ"",""ブシャール エール エ フィス ジュヴレ シャンベルタン"",""フォンテルートリ キャンティ クラシコ マッツェイ フォンテルートリ"",""ルイ・ラトゥール・シャサーニュ・モンラッシェ・ブラン"",""ブリストル グラン レニャー シャブリ"",""ダークホース シャルドネ"",""ソウメイ ブリュット"",""ヴーヴクリコイエロー"",""ヴーヴ・クリコ ホワイトラベル"",""フランチャコルタ コンタディ カスタルディ ブリュット"",""モエ エ シャンドン ドン・ペリニヨン"",""アンジュエールブリュット"",""ハウスワイン 赤"",""ハウスワイン 白"",""スパークリングワイン"",""芋焼酎"",""森伊蔵"",""村尾"",""魔王"",""佐藤 黒"",""佐藤 白"",""愛子"",""なかむら"",""吉兆宝山"",""富乃宝山"",""三岳"",""明るい農村"",""くじら"",""海"",""黒霧島"",""島美人"",""伊佐錦 黒"",""桜島"",""小鹿"",""焼酎(その他)/泡盛"",""百年の孤独"",""十四代 秘蔵 乙焼酎"",""兼八"",""吉四六"",""佐藤"",""中々"",""琥珀の夢"",""鳥飼"",""銀風"",""奄美"",""れんと"",""瑞泉"",""久米仙"",""島唄"",""おすすめ焼酎"",""焼酎ボトル"",""黒霧島ボトル"",""島美人ボトル"",""三岳ボトル"",""佐藤 黒ボトル"",""中々ボトル"",""吉四六ボトル"",""トッピング"",""ボトル用炭酸水"",""ボトル用ウーロン茶"",""ボトル用緑茶"",""ボトル用ジャスミン茶"",""ボトル用コーン茶"",""ボトル用黒ウーロン茶"",""ボトル用紅茶(無糖)"",""ボトル用水"",""ボトル用氷"",""ボトル用お湯"",""酎ハイ/サワー"",""シャインマスカットサワー"",""桜島小みかんチューハイ"",""レモンサワー各種"",""生グレープフルーツサワー"",""ガリサワー"",""梅干サワー"",""カルピスサワー"",""クラマトトマトサワー"",""レッドブルサワー"",""ラムネサワー"",""緑茶ハイ"",""ウーロンハイ"",""ジャスミン茶ハイ"",""とうもろこし茶ハイ"",""黒烏龍茶ハイ"",""クラマトトマトハイ"",""紅茶ハイ(無糖)"",""日本酒/梅酒"",""日本酒/梅酒各種"",""カクテル"",""カクテル各種"",""ソフトドリンク ノンアルコール"",""ソフトドリンク ノンアルコール各種""",73.9166666666666,82.6666666666666,japanese cuisine,0,0,0,0,0,0,0,0,0,0,0,1,0,0,0,31182.810546875,5676,12,16,しゃぶしゃぶ,119.5,194.12779712301574,-74.62779712301574,74.62779712301574,62.45003943348597
2100017-309162,1306.0,178.0,3319.90649791666,13245812,熊本あかし牛しゃぶしゃぶ甲梅ginzasix店,熊本あか牛 しゃぶしゃぶ 甲梅,東銀座,930,296.0,60,3.29,0,0,0,1,1,24999.5,4499.5,0,0,1,26,5.0,中央区,8669,しゃぶしゃぶ,,108.833333333333,69.875,japanese cuisine,0,0,0,0,0,0,0,0,0,0,0,1,0,0,0,23127.609195894,1560,12,16,しゃぶしゃぶ,178.0,158.95207556216917,19.04792443783083,19.04792443783083,10.70108114484878
2100017-309543,720.0,92.0,1814.57631016666,13253935,鹿児島黒豚しゃぶしゃぶあじとdera西麻布店,黒豚あじと Dear西麻布,六本木,1473,400.0,48,3.25,0,0,0,1,0,12499.5,3999.5,0,1,1,28,4.0,港区,11198,しゃぶしゃぶ,"""ビール"",""樽生ビール"",""サッポロ エビス"",""オールフリー ノンアルコールビール"",""ウイスキー"",""響"",""白州"",""山崎"",""知多"",""角 ハイボール"",""銘酒"",""〆張鶴 純米吟醸"",""獺祭 純米大吟醸"",""出羽桜 吟醸"",""八海山 本醸造"",""焼酎"",""森伊蔵"",""村尾"",""魔王"",""佐藤【黒】"",""紫の赤兎馬"",""三岳"",""佐藤【麦】"",""吉四六"",""中々"",""鳥飼"",""れんと"",""瑞泉古酒青龍"",""ボトルセット"",""財宝温泉水"",""アイスペール"",""各種お茶割り物"",""カットレモン"",""梅干"",""サワー"",""お茶割り各種"",""レモンサワー"",""梅干しサワー"",""生しぼりレモンサワー"",""生搾りグレープフルーツサワー"",""果実酒"",""越乃景虎梅酒"",""にごり梅酒梅太夫"",""梅乃宿あらごしみかん酒"",""梅乃宿あらごしモモ"",""カクテル"",""カシスオレンジ"",""カシスグレープフルーツ"",""カシスソーダ"",""カシスウーロン"",""ピーチオレンジ"",""ピーチグレープフルーツ"",""ピーチソーダ"",""ピーチウーロン"",""ジントニック/ジンジャーエール"",""ワイン"",""デボルトリ ロリマー セミヨンシャルドネ"",""デボルトリ ロリマー シラーズカベルネ"",""ボトルワイン各種"",""ノンアルコール"",""ウーロン茶"",""緑茶"",""ジャスミン茶"",""とうもろこし茶"",""オレンジジュース"",""グレープフルーツ"",""コカ・コーラ"",""コカ・コーラゼロ"",""ジンジャーエール""",60.0,65.55,japanese cuisine,0,0,0,0,0,0,0,0,0,0,0,1,0,0,0,17404.359375,1344,12,16,しゃぶしゃぶ,92.0,101.54480704365076,-9.544807043650763,9.544807043650763,10.374790264837786
2100017-4003,374.0,28.3333333333333,1975.9430045,13046660,しゃぶしゃぶ観立川店,しゃぶしゃぶ観 たちかわ,立川北、立川、高松,707,640.0,21,3.1,1,1,0,1,1,7999.0,7999.0,1,0,0,30,17.0,立川市,1693,しゃぶしゃぶ,,31.1666666666666,41.7916666666666,japanese cuisine,0,0,0,0,0,0,0,0,0,0,0,1,0,0,0,6012.12171,630,12,16,しゃぶしゃぶ,28.3333333333333,86.69416104497344,-58.36082771164014,58.36082771164014,205.97939192343603
2100026-11701,195.0,22.0833333333333,2554.45707258333,13189073,京都瓢喜京橋店,瓢? 京橋店,京橋,372,160.0,206,3.32,1,0,0,1,1,12499.5,6999.5,0,1,1,78,9.0,中央区,8669,しゃぶしゃぶ,"""追加飲み放題メニュー"",""【時間制限なし】「プレミアム飲み放題」＊4名様から"",""【時間制限なし】「プラチナ飲み放題」＊4名様から"",""ビール"",""アサヒプレミアム熟撰 小瓶"",""キリン一番搾り 小瓶"",""ノンアルコールビール"",""クラフトビール"",""コエド 白 -Shiro-"",""京都はんなりIPA"",""ウイスキー"",""瓢喜ハイボール"",""碧　水割"",""知多　水割"",""山崎　水割"",""響　水割"",""山崎 12年　水割"",""麦焼酎"",""中々　グラス"",""芋焼酎"",""富乃宝山　グラス"",""佐藤黒　グラス"",""魔王　グラス"",""森伊蔵　グラス"",""米焼酎"",""山翡翠　グラス"",""日本酒・各種"",""青竹酒　二合"",""青竹酒 澤屋まつもと 守破離 純米大吟醸（京都）　二合"",""日高見 芳醇辛口純米吟醸 “弥助”（宮城）　110ml"",""蒼空 純米美山錦（京都）　110ml"",""超王祿 純米（島根）　110ml"",""田中六五（福岡）　110ml"",""田酒 特別純米（青森）　110ml"",""醸し人九平次 純米大吟醸（愛知）　110ml"",""而今 特別純米（三重）　110ml"",""出羽桜 雪漫々 大吟醸（山形）　110ml"",""十四代（山形）　110ml"",""日日 秋津山田錦（京都）　110ml"",""飛露喜 純米大吟醸（福島）　四合瓶"",""磯自慢 純米吟醸（静岡）　四合瓶"",""日本酒・黒龍　福井"",""黒龍 龍　四合瓶"",""黒龍 しずく　四合瓶"",""黒龍 八十八号　四合瓶"",""黒龍 二左衛門　四合瓶"",""黒龍 石田屋　四合瓶"",""黒龍 無二　四合瓶"",""日本酒・新政　秋田"",""新政 Cosmos -秋櫻-　四合瓶"",""新政 Viridian -天鵞絨-　四合瓶"",""新政 Earth -産土-　四合瓶"",""新政 No.6 S-type　四合瓶"",""新政 No.6 X-type　四合瓶"",""新政 異端教祖株式会社　四合瓶"",""新政 天蛙　四合瓶"",""新政 見えざるピンクのユニコーン　四合瓶"",""日本酒・十四代　山形"",""十四代 龍の落とし子 純米大吟醸　四合瓶"",""十四代 中取り 純米厳選　四合瓶"",""十四代 中取り大吟醸　四合瓶"",""十四代 七垂二十貫　四合瓶"",""十四代 双虹　四合瓶"",""十四代 龍月　四合瓶"",""十四代 万虹　1500ml瓶"",""十四代 白雲去来　四合瓶"",""十四代 龍泉　四合瓶"",""サワー"",""瓢?サワー"",""赤ワイン"",""KWV カベルネ・ソーヴィニヨン（南アフリカ）　グラス"",""コートデュローヌ・ヴィラージュ Ｖ.Ｖ.（フランス）　フルボトル"",""ショレイ レ ボーヌ（フランス）　フルボトル"",""バローロ・ロッケ・デラ・ヌンツィアータ（イタリア）　フルボトル"",""アマローネ・デ・ラ・ヴォルボリッツェラ（イタリア）　フルボトル"",""ヴォルネィ（フランス）　フルボトル"",""紫鈴 rindo [KENZO EST.]（カリフォルニア）　ハーフボトル"",""紫 murasaki [KENZO EST.]（カリフォルニア）　フルボトル"",""紫鈴 rindo/カリフォルニア カベルネソーヴィニヨン フルボトル"",""オーパス・ワン（カリフォルニア）　フルボトル"",""白ワイン"",""ゾーニン・ヴェンティテッレ・シャルドネ（イタリア）　グラス"",""ムスカデ・セーヴル・エ・メーヌ・レ・グラ・ムートン（フランス）　フルボトル"",""ムスカデ・セーヴル・エ・メーヌ・クリッソン（フランス）　フルボトル"",""あさつゆ asatsuyu [KENZO EST.]（カリフォルニア）　ハーフボトル"",""夢久 muku [KENZO EST.]（カリフォルニア）　ハーフボトル"",""ドメーヌ・ウーダン シャブリ（フランス）　フルボトル"",""ムルソー・クロ・デュ・クロマン （フランス）　フルボトル"",""ピュリニー・モンラッシェ・プルミエクリュ（フランス）　フルボトル"",""シャンパーニュ"",""アンリオ ブリュット・スーヴェラン　ハーフボトル"",""ルイ・ロデレール コレクション"",""ペリエ・ジュエ ベル・エポック"",""ロゼ"",""結 yui [KENZO EST.]（カリフォルニア）　フルボトル"",""果実酒"",""あらごし梅酒"",""あらごしみかん"",""あらごしもも"",""山崎蒸留所貯蔵梅酒"",""ソフトドリンク"",""自家製生絞りレモンソーダ"",""京都クラフトコーラ"",""京都クラフトジンジャー"",""緑茶 一保堂 芳泉（ホット/アイス）"",""シャンピン烏龍茶（ホット/アイス）"",""黒ウーロン茶（ホット/アイス）"",""烏龍茶 TSUYUHIKARI　300ml瓶"",""丹波ぶどうジュース"",""三ケ日みかんジュース"",""サンペレグリノ"",""ミネラルウォーター"",""コーヒー（ホット/アイス）"",""アイスティー""",21.6666666666666,15.375,japanese cuisine,0,0,0,0,0,0,0,0,0,0,0,1,0,0,0,83091.6989396991,16068,12,16,しゃぶしゃぶ,22.0833333333333,75.9652425595238,-53.8819092261905,53.8819092261905,243.99355121293848
2100026-16182,293.0,48.5833333333333,6837.33818766666,13197227,瓢喜香水亭新橋店(カスイテイ),香水亭 新橋店,新橋、内幸町、汐留,2350,80.0,102,3.16,1,0,0,1,1,9999.0,9999.0,0,1,1,72,9.0,港区,11198,しゃぶしゃぶ,"""追加飲み放題メニュー"",""【時間制限なし】「プレミアム飲み放題」＊4名様から"",""【時間制限なし】「プラチナ飲み放題」＊4名様から"",""ビール"",""生ビール アサヒスーパードライ 小"",""生ビール アサヒスーパードライ 中"",""瓶ビール キリンラガー 小瓶"",""ノンアルコールビール"",""ウイスキー"",""瓢斗ハイボール"",""陸 水割"",""陸 ロック"",""碧 水割"",""碧 ロック"",""知多 水割"",""知多 ロック"",""クラフトスピリッツ"",""AKAYANE 山椒 ソーダ割"",""AKAYANE 山椒 ストレート・ロック各"",""麦焼酎"",""中々 グラス"",""芋焼酎"",""富乃宝山 グラス"",""佐藤黒 グラス"",""米焼酎"",""山翡翠 グラス"",""日本酒・各種"",""青竹酒 九頭龍 逸品（福井） 一合"",""青竹酒 澤屋まつもと 純米大吟醸（京都） 一合"",""九頭龍 逸品（福井） 110ml"",""澤屋まつもと 守破離 純米（京都） 110ml"",""日高見 芳醇辛口純米吟醸”弥助”（宮城） 110ml"",""田酒 特別純米酒（青森） 110ml"",""蒼空 美山錦 純米（京都） 110ml"",""澤屋まつもと 守破離 純米大吟醸（京都） 110ml"",""而今 特別純米（三重） 110ml"",""醸し人 九平次 純米大吟醸（愛知） 110ml"",""日日 秋津山田錦（京都） 110ml"",""飛露喜 純米大吟醸（福島） 四合瓶"",""磯自慢 純米吟醸（静岡） 四合瓶"",""十四代 中取り純米厳選（山形） 四合瓶"",""十四代 中取り大吟醸（山形） 四合瓶"",""日本酒・新政 秋田"",""新政 Cosmos -秋櫻- 四合瓶"",""新政 Viridian -天鵞絨- 四合瓶"",""新政 No.6 S-type 四合瓶"",""サワー"",""瓢斗サワー"",""赤ワイン"",""KWV カベルネソーヴィニヨン（南アフリカ） グラス"",""コートデュローヌ・ヴィラージュ Ｖ.Ｖ.（フランス） フルボトル"",""ショレイ レ ボーヌ（フランス） フルボトル"",""バローロ・ロッケ・デラ・ヌンツィアータ（イタリア） フルボトル"",""アマローネ・デ・ラ・ヴォルボリッツェラ（イタリア） フルボトル"",""ヴォルネィ（フランス） フルボトル"",""白ワイン"",""ゾーニン・ヴェンティテッレ・シャルドネ（イタリア） グラス"",""ムスカデ・セーヴル・エ・メーヌ・レ・グラ・ムートン（フランス） フルボトル"",""ムスカデ・セーヴル・エ・メーヌ・クリッソン（フランス） フルボトル"",""ドメーヌ・ウーダン シャブリ（フランス） フルボトル"",""ムルソー・クロ・デュ・クロマン （フランス） フルボトル"",""ピュリニー・モンラッシェ・プルミエクリュ（フランス） フルボトル"",""果実酒"",""あらごし梅酒"",""山崎蒸留所貯蔵梅酒"",""あらごしみかん"",""あらごしもも"",""あらごしりんご"",""ソフトドリンク"",""自家製生絞りレモンソーダ"",""京都クラフトコーラ"",""丹波ぶどうジュース"",""三ケ日みかんジュース"",""緑茶 一保堂 芳泉（ホット/アイス）"",""烏龍茶（ホット/アイス）"",""黒ウーロン茶（ホット/アイス）"",""オレンジジュース"",""グレープフルーツジュース"",""コーラ"",""ジンジャーエール"",""サンペレグリノ"",""ミネラルウォーター"",""コーヒー（ホット/アイス）""",32.5555555555555,22.3333333333333,japanese cuisine,0,0,0,0,0,0,0,0,0,0,0,1,0,0,0,32139.2386762752,7344,12,16,しゃぶしゃぶ,48.5833333333333,333.3783621783307,-284.7950288449974,284.7950288449974,586.199030212688
2100026-29392,2536.0,785.833333333333,16263.673449,13295369,prettyporkfactory&katsuプリポー原宿,PRETTY PORK FACTORY & KATSUプリポー,明治神宮前,643,107.0,32,3.52,1,0,0,1,1,6999.5,3499.5,0,1,1,70,1.0,渋谷区,8632,しゃぶしゃぶ,,507.2,171.0,japanese cuisine,0,0,0,0,0,0,0,0,0,0,0,1,0,0,0,17292.7194497024,2240,12,16,しゃぶしゃぶ,785.833333333333,576.9524789111351,208.8808544221979,208.8808544221979,26.580808622124874
2100026-59965,1456.0,142.333333333333,6625.52584041666,13000126,月亭新宿,月亭 新宿本店,西武新宿、新宿西口、東新宿,1157,400.0,243,3.47,1,1,0,1,1,8999.5,3499.5,0,1,1,116,38.0,新宿区,10057,しゃぶしゃぶ,"""【ビール】"",""キリン一番搾り（生）"",""キリン一番搾り（小）"",""キリン一番搾り（瓶）"",""キリンフリー（ノンアルコール）"",""【カクテル・サワー】"",""ウーロンハイ"",""レモンサワー・緑茶ハイ"",""あずき茶ハイ・ピンクグレープフルーツハイ"",""本格焼酎"",""壱岐（いき）スーパーゴールド　　麦　　長崎"",""吉四六　　麦　　大分"",""薩摩宝山　　芋　鹿児島"",""晴耕雨読　　芋　　鹿児島"",""富乃宝山　　芋　　鹿児島"",""佐藤　黒　　　芋　　鹿児島"",""吟香　鳥飼　　　米　　熊本"",""れんと　　　黒糖　奄美大島"",""燗酒"",""菊正宗　一合"",""ひれ酒（冬季限定）"",""厳選冷酒（150ml）"",""三千盛　本醸造　　岐阜"",""一ノ蔵　本醸造　　宮城"",""久保田　千寿　特別本醸造　　新潟"",""八海山　本醸造　　新潟"",""田酒　特別純米酒　　青森"",""久保田　萬寿　純米大吟醸　　新潟"",""4合瓶　浦霞　禅　純米大吟醸　　宮城"",""果実酒"",""梅乃宿　ゆず酒"",""梅乃宿　あらごしもも酒　果肉入り"",""梅乃宿　あらごしみかん酒　果肉入り"",""梅乃宿　あらごし梅酒　果肉入り"",""ウィスキー"",""ジョニーウォーカー黒"",""オールドパー"",""ワイン"",""ハウスワイン　（赤・白）　フランス"",""〈スパークリングワイン〉ピノ・シャルドネ・スプマンテ　　イタリア"",""〈シャンパン〉モエ・エ・シャンドン・ブリュット・インペリアル"",""メドック　赤　フランス　　　ハーフボトル"",""グラーブ　　白　フランス　　　ハーフボトル"",""キャンティー・クラシコ　　赤　　イタリア"",""ブルゴーニュ・ルージュ・クーヴァン・デ・ジャコパン　　赤　フランス"",""カッシェロ・デル・ディアブロ　白　チリ"",""シャブリ・セリエ・ド・ラ・サブルエール　白　フランス"",""ソフトドリンク"",""ウーロン茶"",""黒ウーロン茶"",""あずき茶"",""100%オレンジジュース"",""ピンクグレープフルーツジュース"",""カゴメのトマトジュース"",""コカ・コーラ"",""ジンジャーエール"",""サンペレグリノ""",161.777777777777,634.416666666666,japanese cuisine,0,0,0,0,0,0,0,0,0,0,0,1,0,0,0,122251.34546612,28188,12,16,しゃぶしゃぶ,142.333333333333,158.49560251322734,-16.162269179894338,16.162269179894338,11.35522424816935
2100026-59966,1692.0,339.583333333333,7459.43482258333,13003958,月亭池袋,月亭 池袋店,池袋,2564,400.0,307,3.48,1,1,0,1,1,8999.5,1499.5,0,1,1,150,62.0,豊島区,5078,しゃぶしゃぶ,"""『秋のクラフトビール祭り！』"",""信州安曇野　穂高のクラフトビール"",""ケルシュビール：通常価格1100円（税込）"",""ペールエールビール：通常価格1100円（税込）"",""[ビール]"",""キリン一番搾り（生）"",""キリン一番搾り（瓶）"",""アサヒ・スーパードライ（瓶）"",""キリンゼロイチ ノンアルコールビール（アルコール0.00％）"",""シャンディガフ"",""レッドアイ"",""[シャンパン・スパークリングワイン]"",""【シャンパン】ｺﾞｳﾄﾞｳｼﾞｬﾝ・ﾄﾞ・ｳﾞｨﾗﾚ ﾌﾞﾘｭｯﾄNV"",""【シャンパン】ｳﾞｰｳﾞ ｸﾘｺ ｲｴﾛｰﾗﾍﾞﾙNV ﾌﾙﾎﾞﾄﾙ"",""[焼酎]"",""【麦焼酎】吉四六（大分） グラス"",""【麦焼酎】中々（宮崎） グラス"",""【麦焼酎】白水（熊本） グラス"",""【芋焼酎】富乃宝山（鹿児島） グラス"",""【芋焼酎】吉兆宝山（鹿児島） グラス"",""【芋焼酎】薩摩宝山（鹿児島） グラス"",""【芋焼酎】さつま島美人（鹿児島） グラス"",""【芋焼酎】黒霧島（宮崎） グラス"",""【しそ焼酎】鍛高譚【たんたかたん】（北海道） グラス"",""【黒糖焼酎】れんと（鹿児島 奄美大島） グラス"",""【芋焼酎】赤霧島（宮崎） グラス"",""【麦焼酎】佐藤 麦（鹿児島） グラス"",""【芋焼酎】魔王（鹿児島） グラス"",""[日本酒] 150ml"",""久保田千寿(新潟) 特別本醸造"",""久保田萬寿(新潟) 純米大吟醸"",""八海山 (新潟) 清酒"",""三千盛（岐阜） 本醸造"",""浦霞（宮城） 本醸造"",""一ノ蔵(宮城) 無鑑査辛口"",""〆張鶴 雪(新潟) 特別本醸造"",""黒龍(福井) 純米吟醸"",""南部美人(岩手) 本醸造"",""あさ開 水神（岩手）純米大辛口"",""[ワイン]"",""ハウスワイン（赤・白）"",""[赤ワイン]"",""アイゾ・フォー・メン（フランス）"",""ジュール・ベラン ブルゴーニュ ピノノワール（フランス）"",""ドゥルフレール サンテミリオン（フランス）"",""[白ワイン]"",""アイゾ・フォー・ウィメン（フランス）"",""Dルヴトリ ミュスカデド・セーヴルエメーヌ シュールリー（フランス）"",""シャブリ・セリエ・ド・ラ・リブリエール（フランス）"",""[カクテル・低アルコール・サワー]"",""カシス（ソーダ・オレンジ・ウーロン）"",""ハイボール・ジンジャーハイボール（ジョニーウォーカー レッド）"",""ピーチフィズ（ピーチリキュール＋ソーダ）"",""ファジーネーブル（ピーチリキュール＋オレンジ）"",""ピーチウーロン（ピーチリキュール＋ウーロン茶）"",""サワー各種"",""[梅酒・果実酒]"",""梅乃宿あらごし梅酒"",""梅乃宿ゆず酒"",""梅乃宿 あらごしもも酒"",""梅乃宿 あらごしみかん酒"",""[ソフトドリンク]"",""あずき茶"",""黒ウーロン茶"",""ブラッドオレンジジュース"",""ソフトドリンク""",188.0,142.525,japanese cuisine,0,0,0,0,0,0,0,0,0,0,0,1,0,0,0,156687.587998617,46050,12,16,しゃぶしゃぶ,339.583333333333,326.30171362433833,13.28161970899464,13.28161970899464,3.911151816145665
2100026-62023,2188.0,341.75,14263.6201396666,13006312,ざくろコレド室町店,ざくろ 室町店,三越前,690,39.0,198,3.54,0,0,0,1,1,8999.5,2499.5,0,1,1,80,20.0,中央区,8669,しゃぶしゃぶ,"""ビール"",""生ビール"",""生ビール（小）"",""中瓶ビール"",""ノン・アルコールビール"",""日本酒"",""一献"",""八海山 （本醸造）"",""酔鯨 『吟麗』 （純米吟醸）"",""〆張鶴 『純』 （純米吟醸）"",""上喜元 （純米吟醸）"",""本格焼酎"",""吉四六 （麦焼酎）"",""冨乃宝山 （芋焼酎）"",""伊佐美 （芋焼酎）"",""森伊蔵"",""果実酒"",""梅酒"",""ウイスキー"",""ハイボール　～シーバス・リーガル～"",""シーバス・リーガル"",""赤ワイン"",""キャンティ・クラシコ"",""アルボレダ・カベルネ・ソーヴィニヨン"",""長野メルロー"",""レ・フィエフ・ド・ラグランジュ"",""ジュヴレ・シャンベルタン"",""シャトー・ダルマイヤック"",""白ワイン"",""ミッシェル・リンチ オーガニック・ブラン"",""レイモンド・リザーブ・セレクション"",""シャブリ “プルミエ・クリュ”"",""スパークリングワイン"",""ガンチア・ブリュット・スプマンテ"",""ソフトドリンク"",""ウーロン茶"",""コカ・コーラ"",""ジンジャーエール"",""オレンジジュース 100％"",""りんごジュース 100％"",""ペリエウォーター"",""ミネラルウォーター"",""※サービス料を別途加算させていただきます""",243.111111111111,115.708333333333,japanese cuisine,0,0,0,0,0,0,0,0,0,0,0,1,0,0,0,110073.176710675,15840,12,16,しゃぶしゃぶ,341.75,361.96690549843703,-20.21690549843703,20.21690549843703,5.915700219001326
2100026-62030,4176.0,343.0,8478.18549641666,13002261,ざくろ銀座店,ざくろ 銀座店,銀座,1859,80.0,590,3.59,1,1,0,1,1,8999.5,2499.5,0,1,1,125,20.0,中央区,8669,しゃぶしゃぶ,"""ざくろの飲み放題"",""ざくろの飲み放題"",""日本酒"",""一献"",""八海山（本醸造）"",""南部美人（特別純米）"",""〆張鶴『純』（純米吟醸）"",""澤乃井『凰』（大吟醸）"",""焼酎"",""吉四六（麦）"",""さつま島娘（芋）"",""冨乃宝山（芋）"",""伊佐美（芋）"",""森伊蔵（芋）"",""生搾りレモンサワー"",""ウーロンハイ"",""緑茶ハイ"",""白ワイン"",""ミッシェル・リンチ・オーガニック・ブラン"",""レイモンドリザーブ セレクション シャルドネ"",""シャブリ“プルミエ・クリュ”"",""赤ワイン"",""ミッシェル・リンチ・オーガニック・ルージュ"",""アルボレダ・カベルネ・ソーヴィニヨン"",""長野メルロー"",""レ・フィエフ・ド・ラグランジュ"",""レイモンド リザーヴ・セレクション"",""ジュヴレ・シャンベルタン"",""シャトー・ダルマイヤック"",""シャトー・ジスクール"",""シャトー・ピション・ロングウィル・コンテスト・ド・ラランド"",""スパークリングワイン"",""ガンチア・ブリュット・スプマンテ"",""シャンパン"",""ローラン・ペリエ ラ キュヴェ"",""ヴーヴ・クリコ"",""モエ・エ・シャンドン（ロゼ）"",""ドン・ペリニヨン"",""ウイスキー"",""ハイボール　～ブラックニッカ～"",""生檸檬ハイボール　～ブラックニッカ～"",""ハイボール ～シーバス・リーガル～"",""シーバス・リーガル《ロック・水割り》"",""オールド・パー《ロック・水割り》"",""ビール"",""生ビール アサヒスーパードライ"",""生ビール（小）"",""ビール（中瓶）"",""カクテル"",""クレーム・ド・カシス"",""梅酒（ロック・水割り）"",""ソフトドリンク"",""ソフトドリンク"",""黒ウーロン茶"",""ペリエウォーター（発泡性ミネラルウォーター）"",""ミネラルウォーター"",""※価格は税込みです。""",464.0,252.416666666666,japanese cuisine,0,0,0,0,0,0,0,0,0,0,0,1,0,0,0,351823.02188214,73750,12,16,しゃぶしゃぶ,343.0,318.06498883176994,24.935011168230062,24.935011168230062,7.269682556335296
2100026-7465,275.0,42.25,4099.82330683333,13101843,京都瓢喜銀座店,瓢? 銀座本店,築地市場,421,400.0,349,3.38,1,1,0,1,1,12499.5,5499.5,0,1,1,120,15.0,中央区,8669,しゃぶしゃぶ,"""追加飲み放題メニュー"",""【時間制限なし】「プレミアム飲み放題」＊4名様から"",""【時間制限なし】「プラチナ飲み放題」＊4名様から"",""ビール"",""アサヒプレミアム熟撰 小瓶"",""キリン一番搾り 小瓶"",""ノンアルコールビール"",""クラフトビール"",""コエド 白 -Shiro-"",""京都はんなりIPA"",""ウイスキー"",""瓢喜ハイボール"",""碧　水割"",""知多　水割"",""山崎　水割"",""響　水割"",""山崎 12年　水割"",""麦焼酎"",""中々　グラス"",""芋焼酎"",""富乃宝山　グラス"",""佐藤黒　グラス"",""魔王　グラス"",""森伊蔵　グラス"",""米焼酎"",""山翡翠　グラス"",""日本酒・各種"",""青竹酒　二合"",""青竹酒 澤屋まつもと 守破離 純米大吟醸（京都）　二合"",""日高見 芳醇辛口純米吟醸 “弥助”（宮城）　110ml"",""蒼空 純米美山錦（京都）　110ml"",""超王祿 純米（島根）　110ml"",""田中六五（福岡）　110ml"",""田酒 特別純米（青森）　110ml"",""醸し人九平次 純米大吟醸（愛知）　110ml"",""而今 特別純米（三重）　110ml"",""出羽桜 雪漫々 大吟醸（山形）　110ml"",""十四代（山形）　110ml"",""日日 秋津山田錦（京都）　110ml"",""飛露喜 純米大吟醸（福島）　四合瓶"",""磯自慢 純米吟醸（静岡）　四合瓶"",""日本酒・黒龍　福井"",""黒龍 龍　四合瓶"",""黒龍 しずく　四合瓶"",""黒龍 八十八号　四合瓶"",""黒龍 二左衛門　四合瓶"",""黒龍 石田屋　四合瓶"",""黒龍 無二　四合瓶"",""日本酒・新政　秋田"",""新政 Cosmos -秋櫻-　四合瓶"",""新政 Viridian -天鵞絨-　四合瓶"",""新政 Earth -産土-　四合瓶"",""新政 No.6 S-type　四合瓶"",""新政 No.6 X-type　四合瓶"",""新政 異端教祖株式会社　四合瓶"",""新政 天蛙　四合瓶"",""新政 見えざるピンクのユニコーン　四合瓶"",""日本酒・十四代　山形"",""十四代 龍の落とし子 純米大吟醸　四合瓶"",""十四代 中取り 純米厳選　四合瓶"",""十四代 中取り大吟醸　四合瓶"",""十四代 七垂二十貫　四合瓶"",""十四代 双虹　四合瓶"",""十四代 龍月　四合瓶"",""十四代 万虹　1500ml瓶"",""十四代 白雲去来　四合瓶"",""十四代 龍泉　四合瓶"",""サワー"",""瓢?サワー"",""赤ワイン"",""KWV カベルネ・ソーヴィニヨン（南アフリカ）　グラス"",""コートデュローヌ・ヴィラージュ Ｖ.Ｖ.（フランス）　フルボトル"",""ショレイ レ ボーヌ（フランス）　フルボトル"",""バローロ・ロッケ・デラ・ヌンツィアータ（イタリア）　フルボトル"",""アマローネ・デ・ラ・ヴォルボリッツェラ（イタリア）　フルボトル"",""ヴォルネィ（フランス）　フルボトル"",""紫鈴 rindo [KENZO EST.]（カリフォルニア）　ハーフボトル"",""紫 murasaki [KENZO EST.]（カリフォルニア）　フルボトル"",""紫鈴 rindo/カリフォルニア カベルネソーヴィニヨン フルボトル"",""オーパス・ワン（カリフォルニア）　フルボトル"",""白ワイン"",""ゾーニン・ヴェンティテッレ・シャルドネ（イタリア）　グラス"",""ムスカデ・セーヴル・エ・メーヌ・レ・グラ・ムートン（フランス）　フルボトル"",""ムスカデ・セーヴル・エ・メーヌ・クリッソン（フランス）　フルボトル"",""あさつゆ asatsuyu [KENZO EST.]（カリフォルニア）　ハーフボトル"",""夢久 muku [KENZO EST.]（カリフォルニア）　ハーフボトル"",""ドメーヌ・ウーダン シャブリ（フランス）　フルボトル"",""ムルソー・クロ・デュ・クロマン （フランス）　フルボトル"",""ピュリニー・モンラッシェ・プルミエクリュ（フランス）　フルボトル"",""シャンパーニュ"",""アンリオ ブリュット・スーヴェラン　ハーフボトル"",""ルイ・ロデレール コレクション"",""ペリエ・ジュエ ベル・エポック"",""ロゼ"",""結 yui [KENZO EST.]（カリフォルニア）　フルボトル"",""果実酒"",""あらごし梅酒"",""あらごしみかん"",""あらごしもも"",""山崎蒸留所貯蔵梅酒"",""ソフトドリンク"",""自家製生絞りレモンソーダ"",""京都クラフトコーラ"",""京都クラフトジンジャー"",""緑茶 一保堂 芳泉（ホット/アイス）"",""シャンピン烏龍茶（ホット/アイス）"",""黒ウーロン茶（ホット/アイス）"",""烏龍茶 TSUYUHIKARI　300ml瓶"",""丹波ぶどうジュース"",""三ケ日みかんジュース"",""サンペレグリノ"",""ミネラルウォーター"",""コーヒー（ホット/アイス）"",""アイスティー""",30.5555555555555,26.0416666666666,japanese cuisine,0,0,0,0,0,0,0,0,0,0,0,1,0,0,0,153960.363696963,41880,12,16,しゃぶしゃぶ,42.25,218.25356216931223,-176.00356216931223,176.00356216931223,416.57647850724794
2100026-7894,1692.0,440.25,16878.1967309166,13153671,平田牧場極,平田牧場 極 KITTE丸の内店,東京,1232,800.0,224,3.35,1,1,0,1,1,6999.5,2499.5,0,1,1,62,12.0,千代田区,7395,しゃぶしゃぶ,"""ビール"",""キリン一番搾り"",""アサヒスーパードライ・キリンクラシックラガー"",""アサヒドライゼロ"",""サワー・カクテル"",""角ハイボール"",""カシス"",""ウーロンハイ"",""レモンサワー"",""梅酒"",""日本酒"",""杉勇　純米吟醸"",""上喜元　純米吟醸　出羽燦々"",""上喜元　限定大吟醸"",""出羽桜　一耕　純米"",""出羽桜　雪漫々"",""栄光富士　ひとりよがり"",""くどき上手　純米大吟醸"",""芋焼酎"",""貴匠蔵"",""赤霧島"",""魔王"",""森伊蔵"",""麦焼酎"",""至福の陶酔"",""米焼酎"",""海援隊"",""ワイン・スパークリング"",""グラスワイン　赤"",""グラスワイン　白"",""グラススパークリングワイン"",""ウィスキー"",""角"",""シーバスリーガル"",""ソフトドリンク"",""ウーロン茶"",""黒ウーロン茶"",""ジンジャーエール"",""コカ･コーラ"",""オレンジジュース"",""アップルジュース"",""ラフランスジュース"",""ペリエ""",188.0,95.5833333333333,japanese cuisine,0,0,0,0,0,0,0,0,0,0,0,1,0,0,0,94508.75749,13888,12,16,しゃぶしゃぶ,440.25,172.93761706349198,267.312382936508,267.312382936508,60.7183152609899
2100039-28263,4008.0,606.0,2960.5961655,13191836,しゃぶしゃぶ山笑ふ,しゃぶしゃぶ 山笑ふ 表参道店,表参道,735,240.0,419,3.49,1,0,0,1,1,8999.5,5499.5,0,1,1,55,9.0,渋谷区,8632,しゃぶしゃぶ,"""御飲物"",""エビス生ビール"",""果実酒各種"",""スパークリングワイン"",""ワイン（赤/白）"",""日本酒"",""焼酎"",""ソフトドリンク""",334.0,143.5,japanese cuisine,0,0,0,0,0,0,0,0,0,0,0,1,0,0,0,216940.760245783,23045,12,16,しゃぶしゃぶ,606.0,489.4914820526694,116.50851794733057,116.50851794733057,19.225828044113957
2100039-28286,4218.0,274.75,2324.78061116666,13215435,しゃぶしゃぶ山笑ふ銀座店,しゃぶしゃぶ 山笑ふ 銀座店,銀座一丁目,689,80.0,276,3.47,1,0,0,1,1,3499.5,1499.5,0,1,1,59,7.0,中央区,8669,しゃぶしゃぶ,"""御飲物"",""エビス生ビール"",""果実酒各種"",""スパークリングワイン"",""ワイン（赤/白）"",""日本酒"",""焼酎"",""ソフトドリンク""",351.5,78.125,japanese cuisine,0,0,0,0,0,0,0,0,0,0,0,1,0,0,0,138853.380035593,16284,12,16,しゃぶしゃぶ,274.75,311.00087573653184,-36.25087573653184,36.25087573653184,13.194131296280926
2100043-513,303.0,99.25,6546.61940433333,13009106,近江源氏,近江源氏,西武新宿,1146,640.0,65,3.31,1,0,0,1,0,6999.5,2499.5,1,1,1,26,30.0,新宿区,10057,しゃぶしゃぶ,"""ビール"",""生ビール(プレミアムモルツ)"",""瓶ビール(プレミアムモルツ)"",""瓶ビール(スーパードライ,一番搾り,黒ラベル)"",""オールフリー(ノンアルビール)"",""近江の地酒(冷酒)"",""技匠(大吟醸)　二合"",""技匠(大吟醸)　ボトル"",""道灌(純米吟醸)　ニ合"",""道灌(純米吟醸)　ボトル"",""不立文字(特別純米酒)　ニ合"",""不立文字(特別純米酒)　ボトル"",""焼酎"",""黒丸　黒　グラス"",""黒丸　黒　ボトル"",""一刻者　グラス"",""一刻者　ボトル"",""蔵の平太　安納芋　グラス"",""蔵の平太　安納芋　ボトル"",""蔵の平太　白さつま芋　グラス"",""蔵の平太　白さつま芋　ボトル"",""吉四六　グラス"",""吉四六　ボトル"",""無名不語　グラス"",""無名不語　ボトル"",""ワイン"",""クラスワイン　赤・白"",""甲州酵母の泡　スパークリングワイン　ハーフボトル"",""甲州酵母の泡　スパークリングワイン　フルボトル"",""ハイボール／その他"",""角ハイボール"",""山崎12年ハイボール"",""すっきり梅酒"",""びわ湖梅酒"",""完熟梅酒"",""サワー各種"",""ソフトドリンク"",""コカ・コーラ"",""ジンジャーエール"",""バヤリースオレンジ"",""ウーロン茶""",25.25,18.9583333333333,japanese cuisine,0,0,0,0,0,0,0,0,0,0,0,1,0,0,0,25825.7727692315,1690,12,16,しゃぶしゃぶ,99.25,93.7873852513227,5.4626147486772965,5.4626147486772965,5.5038939533272515
2100045-42139,1608.0,116.0,698.6742245,13010259,肉の山本△,肉の山本,八王子,971,800.0,116,3.44,1,1,0,1,0,6999.5,2499.5,0,0,1,100,20.0,八王子市,2850,しゃぶしゃぶ,"""ビール"",""サッポロ　プレミアムエビス　中生"",""サッポロ　プレミアムエビス　小生"",""サッポロ　黒ラベル　中瓶"",""キリン　ラガー　中瓶"",""ノンアルコール　プレミアムアルコールフリー"",""ハイボール"",""ハイボール"",""サワー"",""レモンサワー"",""グレープフルーツサワー"",""ライムサワー"",""カルピスサワー"",""巨峰サワー"",""梅干しサワー"",""ウーロンハイ"",""玉露ハイ"",""黒烏龍ハイ"",""珈琲ハイ"",""ワイン"",""グラスワイン　赤・白　各"",""ソフトドリンク"",""オレンジジュース"",""コーラ"",""ジンジャーエール"",""巨峰ソーダ"",""玉露入りお茶"",""烏龍茶"",""カルピス・カルピスソーダ"",""巨峰カルピス"",""コーヒー　（アイス・ホット）　各"",""黒烏龍茶"",""パインジュース(100%)""",134.0,185.958333333333,japanese cuisine,0,0,0,0,0,0,0,0,0,0,0,1,0,0,0,55879.2028585983,11600,12,16,しゃぶしゃぶ,116.0,347.0246971651034,-231.02469716510342,231.02469716510342,199.15922169405468
2100046-77380,2314.0,989.166666666666,3952.19067175,13247290,ひとりしゃぶしゃぶ七代目松五郎(容器付),ひとりしゃぶしゃぶ 七代目 松五郎,赤坂見附、赤坂、溜池山王,830,240.0,164,3.45,1,0,0,1,1,4999.0,4999.0,0,1,1,30,5.0,港区,11198,しゃぶしゃぶ,,192.833333333333,155.958333333333,japanese cuisine,0,0,0,0,0,0,0,0,0,0,0,1,0,0,0,80156.60663625,4920,12,16,しゃぶしゃぶ,989.166666666666,515.2906631042566,473.8760035624093,473.8760035624093,47.90658839721075
2100048-2000397,192.0,40.1666666666666,4456.68253916666,13042002,郷土料理鍋処吟,吟,東新宿,504,480.0,172,3.43,0,1,0,1,0,6999.5,2499.5,1,1,1,28,18.0,新宿区,10057,しゃぶしゃぶ,"""◆ビール・その他◆"",""生ビール"",""瓶ビール"",""緑茶割"",""かぼす割"",""◆芋焼酎◆"",""田倉"",""万膳"",""月の中"",""八幡"",""佐藤 黒"",""佐藤 白"",""三岳"",""赤霧島"",""黒霧島"",""明るい農村"",""◆麦焼酎◆"",""百年の孤独"",""佐藤 麦"",""兼八"",""三段仕込み"",""中々"",""◆米焼酎◆"",""野うさぎの走り"",""やませみ"",""◆日本酒◆"",""田酒 特別純米 山廃仕込"",""十四代 吟選"",""十四代 中取り純米"",""黒龍 龍 大吟醸"",""獺祭 三割九分"",""◆果実酒◆"",""あらごし みかん"",""あらごし もも"",""ふわとろ パイン"",""◆梅酒◆"",""あらごし 梅酒"",""緑茶 梅酒"",""マンゴー梅酒"",""めろん梅酒""",16.0,69.5,japanese cuisine,0,0,0,0,0,0,0,0,0,0,0,1,0,0,0,81658.0579710196,4816,12,16,しゃぶしゃぶ,40.1666666666666,58.55307638888884,-18.38640972222224,18.38640972222224,45.77529391424632
2100054-13258,3830.0,494.5,3851.31532266666,13264590,しゃぶ輝銀座(銀座5丁目),銀座しゃぶ輝 黒毛和牛しゃぶしゃぶ・すき焼き専門店 銀座本店,東銀座,930,160.0,86,3.25,1,0,0,1,1,8999.5,5499.5,0,1,1,80,3.0,中央区,8669,しゃぶしゃぶ,"""◆◆飲み放題プラン◆◆"",""◆【スタンダード飲み放題Menu】◆"",""◆◇◆PLEMIUM飲み放題◆◇◆"",""◆日本酒◆"",""◆本日の稀少限定酒"",""◆酔鯨　純米大吟醸 兵庫山田錦50％"",""◆〆張鶴　「雪」＜特別本醸造＞"",""◆紀土　KID ＜純米＞"",""◆久保田 千寿"",""◆くどき上手 赤ばくれん 吟醸超辛口"",""◆鳳凰美田　純米大吟醸　山田錦"",""◆ 獺祭　磨き45度　純米大吟醸"",""日高見　純米吟醸　弥助"",""◆澪スパークリング"",""◆PLEMIUM日本酒◆"",""本日の『新政』"",""清酒　写楽　純米吟醸"",""清酒　作　恵乃智　純米吟醸"",""農口尚彦 山廃 愛山 無濾過生原酒 2018"",""梵"",""黒龍 大吟醸 CRYSTAL DRAGON"",""清酒　黒龍　龍"",""飛露喜"",""村祐 常盤ラベル 純米大吟醸 生酒"",""★ウイスキー《銘柄・割り方各種アリ》★"",""◆角"",""◆ワールドウイスキー　碧 Ao"",""知多"",""◆バーボン：メイカーズマーク"",""◆スコッチ：バランタイン ファイネスト"",""◆ビール・ノンアルコールビール◆"",""プレミアムモルツ香るエール"",""オールフリー（ノンアルコール）"",""◆果実酒◆"",""完熟梅酒"",""あらごし梅酒"",""あらごしみかん酒"",""あらごし桃酒"",""にごり果実ぶどう酒"",""鳳凰美田ゆず酒"",""◆ワイン/ボトルワイン◆"",""グラスワイン 赤・白"",""スパークリングワイン"",""カルベマルゴー 2020"",""レオナルドブルネッロ ディモンタルチーノ 2016"",""フロムファーム 登美の丘　赤"",""フロムファーム 登美の丘　白"",""◆サワー◆"",""チューハイ"",""レモンサワー"",""柚子蜜サワー"",""本日の美酢（ミチョ）サワー"",""ウーロンハイ"",""緑茶ハイ"",""ジャスミンハイ"",""◆カクテル◆"",""ジャパニーズクラフトGIN“ROKU”　"",""ウォッカ"",""カシス"",""ピーチ"",""◆焼酎◆"",""?六　芋"",""富乃宝山   芋"",""伊佐美   芋"",""やまねこ　芋"",""赤兎馬   芋"",""兼八　麦"",""中々　麦"",""鳥飼　米"",""◆PLEMIUM焼酎◆"",""佐藤　黒　【芋】"",""村尾　【芋】"",""月の中　【芋】"",""百年の孤独　【麦】"",""佐藤　茶ラベル　【麦】"",""獺祭　焼酎39°　【米】"",""◆ソフトドリンク◆"",""烏龍茶（HOT or ICE）"",""緑茶（特茶）"",""ジャスミン茶"",""本日の美酢"",""オレンジジュース"",""グレープフルーツジュース"",""パインジュース"",""コカコーラ"",""ジンジャーエール"",""カルピス""",383.0,379.175,japanese cuisine,0,0,0,0,0,0,0,0,0,0,0,1,0,0,0,31182.810546875,6880,12,16,しゃぶしゃぶ,494.5,410.0122127976189,84.48778720238113,84.48778720238113,17.08549791756949
2100054-13285,660.0,35.0,3851.31532266666,13299365,銀座しゃぶ輝銀座駅前店,銀座しゃぶ輝 黒毛和牛しゃぶしゃぶ専門店,東銀座,930,160.0,4,3.09,1,0,0,1,1,8999.5,5499.5,0,0,1,52,1.0,中央区,8669,しゃぶしゃぶ,"""◆◆飲み放題プラン◆◆"",""◆【スタンダード飲み放題Menu】◆"",""◆◇◆PLEMIUM飲み放題◆◇◆"",""◆日本酒◆"",""◆本日の稀少限定酒"",""◆酔鯨　純米大吟醸 兵庫山田錦50％"",""◆〆張鶴　「雪」＜特別本醸造＞"",""◆紀土　KID ＜純米＞"",""◆久保田 千寿"",""◆くどき上手 赤ばくれん 吟醸超辛口"",""◆鳳凰美田　純米大吟醸　山田錦"",""◆ 獺祭　磨き45度　純米大吟醸"",""日高見　純米吟醸　弥助"",""◆澪スパークリング"",""◆PLEMIUM日本酒◆"",""本日の『新政』"",""清酒　写楽　純米吟醸"",""清酒　作　恵乃智　純米吟醸"",""農口尚彦 山廃 愛山 無濾過生原酒 2018"",""梵"",""黒龍 大吟醸 CRYSTAL DRAGON"",""清酒　黒龍　龍"",""飛露喜"",""村祐 常盤ラベル 純米大吟醸 生酒"",""★ウイスキー《銘柄・割り方各種アリ》★"",""◆角"",""◆ワールドウイスキー　碧 Ao"",""知多"",""◆バーボン：メイカーズマーク"",""◆スコッチ：バランタイン ファイネスト"",""◆ビール・ノンアルコールビール◆"",""プレミアムモルツ香るエール"",""オールフリー（ノンアルコール）"",""◆果実酒◆"",""完熟梅酒"",""あらごし梅酒"",""あらごしみかん酒"",""あらごし桃酒"",""にごり果実ぶどう酒"",""鳳凰美田ゆず酒"",""◆ワイン/ボトルワイン◆"",""グラスワイン 赤・白"",""スパークリングワイン"",""カルベマルゴー 2020"",""レオナルドブルネッロ ディモンタルチーノ 2016"",""フロムファーム 登美の丘　赤"",""フロムファーム 登美の丘　白"",""◆サワー◆"",""チューハイ"",""レモンサワー"",""柚子蜜サワー"",""本日の美酢（ミチョ）サワー"",""ウーロンハイ"",""緑茶ハイ"",""ジャスミンハイ"",""◆カクテル◆"",""ジャパニーズクラフトGIN“ROKU”　"",""ウォッカ"",""カシス"",""ピーチ"",""◆焼酎◆"",""?六　芋"",""富乃宝山   芋"",""伊佐美   芋"",""やまねこ　芋"",""赤兎馬   芋"",""兼八　麦"",""中々　麦"",""鳥飼　米"",""◆PLEMIUM焼酎◆"",""佐藤　黒　【芋】"",""村尾　【芋】"",""月の中　【芋】"",""百年の孤独　【麦】"",""佐藤　茶ラベル　【麦】"",""獺祭　焼酎39°　【米】"",""◆ソフトドリンク◆"",""烏龍茶（HOT or ICE）"",""緑茶（特茶）"",""ジャスミン茶"",""本日の美酢"",""オレンジジュース"",""グレープフルーツジュース"",""パインジュース"",""コカコーラ"",""ジンジャーエール"",""カルピス""",165.0,99.5666666666666,japanese cuisine,0,0,0,0,0,0,0,0,0,0,0,1,0,0,0,1126.81440021959,208,12,16,しゃぶしゃぶ,35.0,120.89908151455028,-85.89908151455028,85.89908151455028,245.42594718442933
2100054-29285,661.0,100.25,3075.87736991666,13268114,銀座しゃぶ輝新橋店,しゃぶ輝 黒毛和牛しゃぶしゃぶ・すき焼き専門店 新橋店,新橋,2350,320.0,105,3.34,1,0,0,1,1,4499.5,2499.5,0,1,1,64,3.0,港区,11198,しゃぶしゃぶ,"""◆◆飲み放題プラン◆◆"",""◆【スタンダード飲み放題Menu】◆"",""◆◇◆PLEMIUM飲み放題◆◇◆"",""◆日本酒◆"",""◆松竹梅「白壁蔵」生もと純米"",""◆〆張鶴　「雪」＜特別本醸造＞"",""◆紀土　KID ＜純米＞"",""◆久保田 千寿"",""◆くどき上手 赤ばくれん 吟醸超辛口"",""◆鳳凰美田　純米大吟醸　山田錦"",""◆ 獺祭　磨き45度　純米大吟醸"",""東北泉　雄町純米"",""◆澪スパークリング"",""◆PLEMIUM日本酒◆"",""新政　No.6 S-type 別誂え木桶仕込み　純米吟醸生原"",""清酒　写楽　純米吟醸"",""清酒　作　恵乃智　純米吟醸"",""農口尚彦 山廃 愛山 無濾過生原酒 2018"",""清酒　黒龍　特選吟醸"",""村祐 常盤ラベル 純米大吟醸 生酒"",""菊姫　山廃純米酒"",""★ウイスキー《銘柄・割り方各種アリ》★"",""◆角"",""◆ワールドウイスキー　碧 Ao"",""◆バーボン：メイカーズマーク"",""◆スコッチ：バランタイン ファイネスト"",""◆ビール・ノンアルコールビール◆"",""プレミアムモルツ香るエール"",""オールフリー（ノンアルコール）"",""◆果実酒◆"",""完熟梅酒"",""あらごし梅酒"",""あらごしみかん酒"",""あらごし桃酒"",""にごり果実ぶどう酒"",""鳳凰美田ゆず酒"",""◆ワイン/ボトルワイン◆"",""グラスワイン 赤・白"",""スパークリングワイン"",""カルベマルゴー 2020"",""レオナルドブルネッロ ディモンタルチーノ 2016"",""フロムファーム 登美の丘　赤"",""フロムファーム 登美の丘　白"",""◆サワー◆"",""チューハイ"",""レモンサワー"",""柚子蜜サワー"",""本日の美酢（ミチョ）サワー"",""ウーロンハイ"",""緑茶ハイ"",""ジャスミンハイ"",""◆カクテル◆"",""ジャパニーズクラフトGIN“ROKU”　"",""ウォッカ"",""カシス"",""ピーチ"",""◆焼酎◆"",""?六　芋"",""富乃宝山   芋"",""伊佐美   芋"",""赤黒壱　紫芋"",""やまねこ　芋"",""赤兎馬   芋"",""兼八　麦"",""中々　麦"",""鳥飼　米"",""◆PLEMIUM焼酎◆"",""佐藤　黒　【芋】"",""村尾　【芋】"",""月の中　【芋】"",""百年の孤独　【麦】"",""佐藤　茶ラベル　【麦】"",""獺祭　焼酎39°　【米】"",""◆ソフトドリンク◆"",""烏龍茶（HOT or ICE）"",""緑茶（特茶）"",""ジャスミン茶"",""本日の美酢"",""オレンジジュース"",""グレープフルーツジュース"",""パインジュース"",""コカコーラ"",""ジンジャーエール"",""カルピス""",60.090909090909,143.133333333333,japanese cuisine,0,0,0,0,0,0,0,0,0,0,0,1,0,0,0,43643.7071639519,6720,12,16,しゃぶしゃぶ,100.25,115.11012814153439,-14.860128141534389,14.860128141534389,14.82307046537096
2100054-3207,2640.0,232.583333333333,10336.21235325,13126757,やさい屋しゃぶしゃぶしながわ畑,しながわ畑,品川,517,160.0,146,3.29,1,1,0,1,0,5499.5,3999.5,0,1,1,82,14.0,港区,11198,しゃぶしゃぶ,"""厳選国産ワイン　白・スパークリング～全6種～"",""日本のあわ"",""萌黄"",""いろ甲州"",""五月長根リースリング"",""セリエ　エッレ　ビアンコ"",""田園　新潟シャルドネ"",""厳選国産ワイン　赤～全10種～"",""藍茜"",""余市ツヴァイゲルトレーベ"",""勝沼ルージュ"",""くらむぼん　マスカットベーリーA"",""山幸"",""砂丘　赤"",""登美の丘　ビジュノワール"",""マスカットベーリーA　ブラッククイーン"",""安曇野リザーブ"",""椀子メルロー"",""■ ビール　アサヒスーパードライ ■"",""生ビール 中ジョッキ"",""生ビール　グラス"",""アサヒスーパードライ　中瓶"",""ノンアルコール アサヒ・ドライゼロ"",""■ ウイスキー・ハイボール ■"",""ブラックニッカ ハイボール"",""ジンジャーハイボール"",""コークハイボール"",""ピュアモルト 竹鶴 ハイボール"",""■ サワー・チューハイ ■"",""レモンサワー"",""グレープフルーツサワー"",""ゆずサワー"",""りんごサワー"",""■ カクテル ■"",""カシス　×　各ソフトドリンク"",""ピーチ　×　各ソフトドリンク"",""ジン　×　各ソフトドリンク"",""ウォッカ　×　各ソフトドリンク"",""■ ワイン ■"",""ロス・モノリス・テンプラリーニョ"",""ロス・モノリス・アイレン・ベルデホ"",""ヴィニャ・アルバリ・サングリア　（赤）"",""■ 日本酒 ■"",""八海山　特別本醸造"",""獺祭 純米大吟醸45"",""久保田　千寿"",""くどき上手　ばくれん　超辛口吟醸"",""■ ソフトドリンク ■"",""オレンジジュース"",""グレープフルーツジュース"",""コカ･コーラ"",""ジンジャーエール"",""烏龍茶"",""緑茶"",""ジャスミン茶"",""コーン茶""",240.0,307.866666666666,japanese cuisine,0,0,0,0,0,0,0,0,0,0,0,1,0,0,0,56277.1823766754,11972,12,16,しゃぶしゃぶ,232.583333333333,223.1473361441798,9.435997189153198,9.435997189153198,4.05703927874735
2100054-37358,386.0,43.5,13345.3031671666,13294336,グランアレグリア歌舞伎町タワー,しゃぶ輝 東急歌舞伎町タワー,西武新宿,1146,560.0,38,3.21,1,0,0,1,1,6999.5,4499.5,0,0,1,14,1.0,新宿区,10057,しゃぶしゃぶ,"""◆◆飲み放題プラン◆◆"",""◆【スタンダード飲み放題Menu】◆"",""◆◇◆PLEMIUM飲み放題◆◇◆"",""◆日本酒◆"",""◆松竹梅「白壁蔵」生もと純米"",""◆〆張鶴 「雪」＜特別本醸造＞"",""◆紀土 KID ＜純米＞"",""◆久保田 千寿"",""◆くどき上手 赤ばくれん 吟醸超辛口"",""◆鳳凰美田 純米大吟醸 山田錦"",""◆ 獺祭 磨き45度 純米大吟醸"",""日高見　純米吟醸　弥助"",""本日の森嶋"",""◆澪スパークリング"",""◆PLEMIUM日本酒◆"",""本日の新政"",""獺祭 磨き三割九分 純米大吟醸"",""久保田　萬寿"",""清酒　作　和悦"",""清酒 ぼん 日本の翼"",""黒龍 大吟醸 CRYSTAL DRAGON"",""清酒　黒龍　龍"",""清酒　KISS of FIRE 　７５０"",""村祐 常盤ラベル 純米大吟醸 生酒"",""★ウイスキー《銘柄・割り方各種アリ》★"",""◆角"",""◆知多"",""◆マッカラン"",""◆ビール・ノンアルコールビール◆"",""プレミアムモルツ香るエール"",""オールフリー（ノンアルコール）"",""◆果実酒◆"",""あらごし梅酒"",""あらごしみかん酒"",""あらごし桃酒"",""鳳凰美田ゆず酒"",""◆ワイン/ボトルワイン◆"",""グラスワイン 赤・白"",""スパークリングワイン"",""カルベマルゴー 2020"",""レオナルドブルネッロ ディモンタルチーノ 2016"",""フロムファーム 登美の丘 赤"",""フロムファーム 登美の丘 白"",""◆サワー◆"",""レモンサワー"",""◆カクテル◆"",""日本のジン“翠”"",""ウォッカ"",""カシス"",""ピーチ"",""◆焼酎◆"",""赤兎馬   芋"",""富乃宝山   芋"",""中々 麦"",""佐藤 茶ラベル 【麦】"",""獺祭 焼酎39° 【米】"",""◆ソフトドリンク◆"",""烏龍茶（HOT or ICE）"",""ブレンドティー（HOT or ICE）"",""オレンジジュース"",""グレープフルーツジュース"",""パインジュース"",""コカコーラ"",""ジンジャーエール"",""マンゴー""",42.8888888888888,510.875,japanese cuisine,0,0,0,0,0,0,0,0,0,0,0,1,0,0,0,12951.1626812837,532,12,16,しゃぶしゃぶ,43.5,107.60213591269837,-64.10213591269837,64.10213591269837,147.36123198321465
2100058-5056,440.0,41.25,7392.003989,13016237,しゃぶしゃぶ近江源助(月曜定休日),近江源助,立川北,568,80.0,44,3.3,1,0,0,1,1,8999.5,4499.5,0,1,1,50,55.0,立川市,1693,しゃぶしゃぶ,"""■ワイン"",""★CHAMPAGNE～シャンパーニュ～ ＆ SPRKRINGWINE～スパークリングワイン～★"",""かみのやま　スパークリングワイン"",""シャトー・ド・ロレ　クレマン・ドロワール"",""ヴーヴクリコ　イエローラベル"",""375ml.."",""★ＢＬＡＮＣ  ～白ワイン～★"",""プレミアム甲州"",""ルイ・ラトゥール・シャブリ・ラ・シャンフルール"","".375ml"",""アルザス・ファン・ピノグリ"",""マコン　ヴィラージュ　　　　　　750ml"",""マコン　ヴィラージュ　　　　　　375ml"",""★ＲＯＵＧＥ  ～赤ワイン～★"",""ヴェラエタル　ピノ　ノワール"",""浅柄野マスカットベリーA樽熟成"",""レオナルド キャンティ　　 ※すき焼きにお勧めです！"",""エスクード　ロホ　グランレゼルヴァ"",""ブエナヴィスタ　ソノマ　ジンファンデル"",""シャトー　シトラン"",""ナパハイランズ　カベルネソーヴィニオン　ナパヴァレー"",""シャトー　キルバン"",""グラスワイン　赤、白、泡"",""デキャンタワイン　　赤、白、泡"",""■本格焼酎"",""吉四六（麦）"",""くじら（芋）"",""山猿  (麦)"",""山ねこ（芋）"",""ザ　SG 焼酎　KOME（米）"",""■日本酒"",""滋賀県　北島酒造「御代栄」初声（大吟醸）1合"",""滋賀県　北島酒造「御代栄」近江米のしずく（純米吟醸）"",""滋賀県　上原酒造「不老泉」備前雄町（山廃純米吟醸）［雄町］"",""滋賀県　上原酒造「不老泉」滋賀渡船（山廃純米吟醸）［渡船］"",""滋賀県　福井弥平商店　『萩の露』 純米大吟醸"",""滋賀県　中澤酒造　『秀一』"",""滋賀県　浪乃音酒造　『ええとこどり』"",""滋賀県　安井酒造場 『初桜』"",""滋賀県　藤居本家「旭日」"",""■ビール"",""クラフトビール"",""山口地ビール"",""スタウト モンドセレクション2年連続最高金賞受賞"",""ピルスナー モンドセレクション金賞受賞"",""ペールエール  モンドセレクション金賞受賞"",""多摩の恵"",""ペールエール"",""エビス生ビール"",""サッポロ黒ラベル（中瓶）"",""ドライゼロ（ノンアルコール）"",""■サワー"",""大分県　3年熟成梅酒　ゆめひびき（鷲宿梅）（ソーダ割り・水割り・ロック）"",""レモンサワー"",""グレープフルーツサワー"",""ウーロンハイ"",""緑茶ハイ"",""■カクテル"",""白州モヒート（白州・ソーダ・ミント）"",""ジントニック（ジン・トニックウォーター）"",""カシスオレンジ（カシス・オレンジ）"",""ジンジャーハイボール"",""■カクテル（ノンアルコール）"",""ノンアルコール梅酒（ソーダ割り・水割り・ロック）"",""カシスオレンジ"",""カシスソーダ"",""■ウィスキー"",""山崎"",""白州"",""蒼(AO)"",""知多"",""角瓶"",""■ソフトドリンク"",""樹上完熟　梅ジュース"",""【無農薬有機栽培】グレープジュース"",""【無農薬有機栽培】アップルジュース"",""果汁100% ピュアオレンジジュース"",""ペリエ"",""ファイバーツリー　トニックウォーター"",""プレミアムジンジャエール"",""ジンジャーエール（自家製）"",""黒烏龍茶"",""ウーロン茶"",""コカコーラ"",""カボスサイダー"",""琵琶湖サイダー"",""有機玄米ほうじ茶"",""☆プレミアム飲み放題""",36.6666666666666,16.875,japanese cuisine,0,0,0,0,0,0,0,0,0,0,0,1,0,0,0,17219.5729199999,2200,12,16,しゃぶしゃぶ,41.25,70.58759689153436,-29.33759689153436,29.33759689153436,71.12144700978027
2100914-12836,215.0,35.5833333333333,980.105546333333,13257794,亀戸肉しゃぶ,亀戸 肉しゃぶ屋,亀戸,697,320.0,10,3.1,0,0,0,1,1,6999.5,1499.5,0,1,1,13,4.0,江東区,4228,しゃぶしゃぶ,,17.9166666666666,14.4166666666666,japanese cuisine,0,0,0,0,0,0,0,0,0,0,0,1,0,0,0,2862.9151,130,12,16,しゃぶしゃぶ,35.5833333333333,257.19170436507915,-221.60837103174583,221.60837103174583,622.7869911899187
2100915-46906900,145.0,48.75,6006.0763535,13154907,華蓮(株オーリック代配/銀座),鹿児島華蓮 銀座店,新橋,2350,240.0,120,3.48,1,0,0,1,1,17499.5,4499.5,1,1,1,82,12.0,中央区,8669,しゃぶしゃぶ,"""～ビール～"",""生ビール　サッポロ　エビスマイスター"",""生ビール　サッポロ　エビスマイスター（小）"",""生ビール　サントリー　プレミアムモルツ"",""生ビール　サントリー　プレミアムモルツ（小）"",""中瓶　アサヒ　スーパードライ"",""小瓶　キリン　一番搾り"",""小瓶　サントリー　オールフリー"",""～ウイスキー～"",""響"",""知多"",""碧（Ao）"",""～プレミアム焼酎～"",""森伊蔵"",""村尾"",""魔王"",""安納"",""なかむら"",""一どん"",""三岳"",""佐藤　黒"",""伊佐美"",""利き酒セット　各45ml"",""黒茶家"",""森伊蔵黒茶家　数量限定　　二合"",""芋焼酎黒茶家　数量限定　　二合"",""芋焼酎"",""あらわざ桜島"",""富乃宝山"",""六代目百合(ゆり)"",""薩州赤兎馬(さっしゅうせきとば）"",""紫の薩州赤兎馬(さっしゅうせきとば）"",""南之方(みなんかた)"",""深海うなぎ"",""不二才(ふにせ)"",""蔵の師魂"",""鬼火"",""さつま島美人"",""黒糖焼酎"",""れんと"",""奄美"",""麦焼酎"",""佐藤　麦"",""神の河"",""高濃度焼酎"",""天使の誘惑"",""冷凍焼酎　初垂れ(はなたれ)"",""一滴、二滴、舌にのせ　ストレート"",""～ＪＡの焼酎～"",""特選きもつき浪漫"",""そお千貫"",""薩摩の心"",""なの花"",""ギュージンガー・ブラック　"",""黄金(こがね)ほたる"",""知覧(ちらん) 紅(べに)ほたる"",""竜宮(りゅうぐう)の里(さと)"",""～日本酒～"",""鹿児島県　薩州正宗　純米吟醸　一合"",""高知県　船中八策　超辛口　純米酒　一合"",""広島県　酔心　純米吟醸酒　一合"",""新潟県　八海山　大吟醸　一合"",""新潟県　久保田　萬寿　一合"",""福井県 黒龍　 純米吟醸　一合"",""岩手県 南部美人 特別純米　一合"",""岐阜県 御代櫻 芳醇辛口純米酒　一合"",""～果実酒～"",""デコポン酎ハイ"",""レモンサワー"",""無添加　梅酒"",""黒糖　梅酒"",""知覧茶　梅酒"",""すもも酒"",""ゆず酒"",""みかん酒"",""～ソフトドリンク～"",""ブルーベリー黒酢　(水割りorソーダ割り)　"",""ペリエ　瓶　330ml"",""黒ウーロン茶"",""知覧茶（冷・温）"",""ジューシー　みかんジュース"",""ジューシー　りんごジュース"",""ジューシー　末吉ゆずジュース"",""コカ･コーラ"",""ジンジャエール"",""ウーロン茶（冷・温）　"",""～赤ワイン～"",""藍　ai　750ｍｌ"",""紫　murasaki　750ｍｌ"",""カナエ・ザ・グレープキング　750ｍｌ"",""～白ワイン～"",""コルトン　シャルルマーニュ"",""あさつゆ"",""カナエ　ザ　グレープキング"",""スパークリングワイン"",""ローランペリエ　グラン　シエクル"",""ドンペリニョン""",12.0833333333333,9.75,japanese cuisine,0,0,0,0,0,0,0,0,0,0,0,1,0,0,0,61245.962735616,9840,12,16,しゃぶしゃぶ,48.75,70.70142096560846,-21.951420965608463,21.951420965608463,45.02855582688915
2100915-47054000,158.0,43.0,2237.7244315,13001039,代々木今半(しゃぶしゃぶ),代々木 今半,南新宿,194,240.0,309,3.64,0,1,0,1,0,17499.5,2999.5,0,1,1,32,20.0,渋谷区,8632,しゃぶしゃぶ,,13.1666666666666,10.9583333333333,japanese cuisine,0,0,0,0,0,0,0,0,0,0,0,1,0,0,0,197453.755223961,9888,12,16,しゃぶしゃぶ,43.0,107.81814087301584,-64.81814087301584,64.81814087301584,150.73986249538567
